,TITLE,SEASON,REVIEW_RANK,IMAGE
0,ヴァイオレット・エヴァーガーデン（TVアニメ動画）,2018年冬アニメ,4.0,https://img.anikore.jp/images/anime/7/2/3/10723/10723.jpg?width=122&height=122&type=crop
1,宇宙よりも遠い場所（TVアニメ動画）,2018年冬アニメ,4.2,https://img.anikore.jp/images/anime/3/9/3/11393/11393.jpg?width=122&height=122&type=crop
2,メイドインアビス（TVアニメ動画）,2017年夏アニメ,4.2,https://img.anikore.jp/images/anime/0/3/5/11035/11035.jpg?width=122&height=122&type=crop
3,3月のライオン 第2期（TVアニメ動画）,2017年秋アニメ,3.9,https://img.anikore.jp/images/anime/3/0/4/11304/11304.jpg?width=122&height=122&type=crop
4,CLANNAD AFTER STORY-クラナド アフターストーリー（TVアニメ動画）,2008年秋アニメ,4.4,https://img.anikore.jp/images/anime/2/3/6/1236/1236.jpg?width=122&height=122&type=crop
5,さくら荘のペットな彼女（TVアニメ動画）,2012年秋アニメ,4.0,https://img.anikore.jp/images/anime/7/2/2/3722/3722.jpg?width=122&height=122&type=crop
6,いぬやしき（TVアニメ動画）,2017年秋アニメ,3.6,https://img.anikore.jp/images/anime/0/0/9/11009/11009.jpg?width=122&height=122&type=crop
7,STEINS；GATE [シュタインズ・ゲート]（TVアニメ動画）,2011年春アニメ,4.4,https://img.anikore.jp/images/anime/2/8/2/2282/2282.jpg?width=122&height=122&type=crop
8,あの日見た花の名前を僕達はまだ知らない。（TVアニメ動画）,2011年春アニメ,4.2,https://img.anikore.jp/images/anime/8/2/4/2824/2824.jpg?width=122&height=122&type=crop
9,四月は君の嘘（TVアニメ動画）,2014年秋アニメ,4.3,https://img.anikore.jp/images/anime/9/1/3/7913/7913.jpg?width=122&height=122&type=crop
10,響け！ユーフォニアム2（TVアニメ動画）,2016年秋アニメ,4.2,https://img.anikore.jp/images/anime/6/6/8/10668/10668.jpg?width=122&height=122&type=crop
11,月がきれい（TVアニメ動画）,2017年春アニメ,4.1,https://img.anikore.jp/images/anime/0/5/7/11057/11057.jpg?width=122&height=122&type=crop
12,ちはやふる2（TVアニメ動画）,2013年冬アニメ,4.2,https://img.anikore.jp/images/anime/7/7/8/3778/3778.jpg?width=122&height=122&type=crop
13,暗殺教室（TVアニメ動画）,2015年冬アニメ,3.7,https://img.anikore.jp/images/anime/0/6/5/8065/8065.jpg?width=122&height=122&type=crop
14,夏目友人帳 陸（TVアニメ動画）,2017年春アニメ,3.9,https://img.anikore.jp/images/anime/0/3/4/11034/11034.jpg?width=122&height=122&type=crop
15,このはな綺譚（TVアニメ動画）,2017年秋アニメ,3.8,https://img.anikore.jp/images/anime/1/5/6/11156/11156.jpg?width=122&height=122&type=crop
16,恋は雨上がりのように（TVアニメ動画）,2018年冬アニメ,3.7,https://img.anikore.jp/images/anime/1/1/8/11118/11118.jpg?width=122&height=122&type=crop
17,とらドラ！（TVアニメ動画）,2008年秋アニメ,4.2,https://img.anikore.jp/images/anime/2/3/2/1232/1232.jpg?width=122&height=122&type=crop
18,プラネテス - ΠΛΑΝΗΤΕΣ（TVアニメ動画）,2003年秋アニメ,4.0,https://img.anikore.jp/51X%2ByLUDoVL.jpg._AA240_.jpg?width=122&height=122&type=crop&category=amazon
19,ひぐらしのなく頃に解（TVアニメ動画）,2007年夏アニメ,4.0,https://img.anikore.jp/510LBWDD2yL.jpg._AA240_.jpg?width=122&height=122&type=crop&category=amazon
20,坂道のアポロン（TVアニメ動画）,2012年春アニメ,4.0,https://img.anikore.jp/images/anime/5/9/5/3595/3595.jpg?width=122&height=122&type=crop
21,うたわれるもの（TVアニメ動画）,2006年春アニメ,3.9,https://img.anikore.jp/51-FyeQjQiL.jpg._AA240_.jpg?width=122&height=122&type=crop&category=amazon
22,ユーリ！！！ on ICE（TVアニメ動画）,2016年秋アニメ,3.9,https://img.anikore.jp/images/anime/5/7/6/10576/10576.jpg?width=122&height=122&type=crop
23,宝石の国（TVアニメ動画）,2017年秋アニメ,3.9,https://img.anikore.jp/images/anime/2/1/8/11218/11218.jpg?width=122&height=122&type=crop
24,planetarian ～ちいさなほしのゆめ～（Webアニメ）,2016年7月7日,3.8,https://img.anikore.jp/images/anime/6/0/3/10603/10603.jpg?width=122&height=122&type=crop
25,学園ベビーシッターズ（TVアニメ動画）,2018年冬アニメ,3.6,https://img.anikore.jp/images/anime/4/9/0/11490/11490.jpg?width=122&height=122&type=crop
26,凪のあすから（TVアニメ動画）,2013年秋アニメ,4.2,https://img.anikore.jp/images/anime/9/1/9/3919/3919.jpg?width=122&height=122&type=crop
27,夏目友人帳（TVアニメ動画）,2008年夏アニメ,4.1,https://img.anikore.jp/images/anime/2/2/2/1222/1222.jpg?width=122&height=122&type=crop
28,とある科学の超電磁砲S（TVアニメ動画）,2013年春アニメ,4.0,https://img.anikore.jp/images/anime/0/1/2/4012/4012.jpg?width=122&height=122&type=crop
29,ゼロの使い魔（TVアニメ動画）,2006年夏アニメ,3.8,https://img.anikore.jp/images/anime/9/2/0/920/920.jpg?width=122&height=122&type=crop
30,ちはやふる（TVアニメ動画）,2011年秋アニメ,4.2,https://img.anikore.jp/images/anime/2/3/1/3231/3231.jpg?width=122&height=122&type=crop
31,うさぎドロップ（TVアニメ動画）,2011年夏アニメ,4.0,https://img.anikore.jp/images/anime/8/5/6/2856/2856.jpg?width=122&height=122&type=crop
32,東京マグニチュード8.0（TVアニメ動画）,2009年夏アニメ,3.8,https://img.anikore.jp/51l8u3RfExL.jpg._AA240_.jpg?width=122&height=122&type=crop&category=amazon
33,パパのいうことを聞きなさい！（TVアニメ動画）,2012年冬アニメ,3.7,https://img.anikore.jp/images/anime/4/2/3/3423/3423.jpg?width=122&height=122&type=crop
34,ヒカルの碁（TVアニメ動画）,2001年秋アニメ,4.0,https://img.anikore.jp/51gMtHI5arL.jpg._AA240_.jpg?width=122&height=122&type=crop&category=amazon
35,ef - a tale of melodies.（TVアニメ動画）,2008年秋アニメ,4.1,https://img.anikore.jp/images/anime/2/5/8/1258/1258.jpg?width=122&height=122&type=crop
36,がっこうぐらし！（TVアニメ動画）,2015年夏アニメ,3.7,https://img.anikore.jp/images/anime/1/8/5/8185/8185.jpg?width=122&height=122&type=crop
37,ARIA The NATURAL[アリアザナチュラル]（TVアニメ動画）,2006年春アニメ,4.2,https://img.anikore.jp/images/anime/8/5/3/853/853.jpg?width=122&height=122&type=crop
38,終末なにしてますか？ 忙しいですか？ 救ってもらっていいですか？（TVアニメ動画）,2017年春アニメ,3.7,https://img.anikore.jp/images/anime/7/9/0/10790/10790.jpg?width=122&height=122&type=crop
39,リトルウィッチアカデミア（TVアニメ動画）,2017年冬アニメ,3.9,https://img.anikore.jp/images/anime/7/6/9/10769/10769.jpg?width=122&height=122&type=crop
40,未来少年コナン（TVアニメ動画）,1978年春アニメ,4.0,https://img.anikore.jp/515TP7E1E9L.jpg._AA240_.jpg?width=122&height=122&type=crop&category=amazon
41,うどんの国の金色毛鞠（TVアニメ動画）,2016年秋アニメ,3.5,https://img.anikore.jp/images/anime/4/3/1/10431/10431.jpg?width=122&height=122&type=crop
42,機動戦士ガンダム 鉄血のオルフェンズ Ⅱ（TVアニメ動画）,2016年秋アニメ,3.5,https://img.anikore.jp/images/anime/5/8/3/10583/10583.jpg?width=122&height=122&type=crop
43,ボールルームへようこそ（TVアニメ動画）,2017年夏アニメ,3.9,https://img.anikore.jp/images/anime/0/3/7/11037/11037.jpg?width=122&height=122&type=crop
44,ロミオの青い空（TVアニメ動画）,1995年冬アニメ,4.0,https://img.anikore.jp/51YXiQreziL.jpg._AA240_.jpg?width=122&height=122&type=crop&category=amazon
45,ラブライブ！サンシャイン！！ 2nd Season（TVアニメ動画）,2017年秋アニメ,3.5,https://img.anikore.jp/images/anime/1/1/1/11111/11111.jpg?width=122&height=122&type=crop
46,宇宙戦艦ヤマト（TVアニメ動画）,1974年秋アニメ,3.8,https://img.anikore.jp/41CbS5u7niL.jpg._AA240_.jpg?width=122&height=122&type=crop&category=amazon
47,ALETTA～人を愛した天使～（その他）,2015年3月3日,3.5,https://img.anikore.jp/images/anime/6/9/6/11696/11696.jpg?width=122&height=122&type=crop
48,ココロコネクト（TVアニメ動画）,2012年夏アニメ,4.0,https://img.anikore.jp/images/anime/5/0/0/3500/3500.jpg?width=122&height=122&type=crop
49,交響詩篇エウレカセブン（TVアニメ動画）,2005年春アニメ,4.1,https://img.anikore.jp/41183Q2S7CL.jpg._AA240_.jpg?width=122&height=122&type=crop&category=amazon
50,天元突破グレンラガン（TVアニメ動画）,2007年春アニメ,4.1,https://img.anikore.jp/51nseUDMkRL.jpg._AA240_.jpg?width=122&height=122&type=crop&category=amazon
51,翠星のガルガンティア（TVアニメ動画）,2013年春アニメ,3.9,https://img.anikore.jp/images/anime/9/9/0/3990/3990.jpg?width=122&height=122&type=crop
52,一週間フレンズ。（TVアニメ動画）,2014年春アニメ,3.9,https://img.anikore.jp/images/anime/8/5/4/7854/7854.jpg?width=122&height=122&type=crop
53,ゼロの使い魔 双月の騎士（TVアニメ動画）,2007年夏アニメ,3.8,https://img.anikore.jp/51HNSGvQZtL.jpg._AA240_.jpg?width=122&height=122&type=crop&category=amazon
54,リトルバスターズ！（TVアニメ動画）,2012年秋アニメ,3.8,https://img.anikore.jp/images/anime/6/9/3/3693/3693.jpg?width=122&height=122&type=crop
55,ef - a tale of memories.エフ・アテールオブメモリーズ（TVアニメ動画）,2007年秋アニメ,4.0,https://img.anikore.jp/images/anime/1/0/9/1109/1109.jpg?width=122&height=122&type=crop
56,Re：ゼロから始める異世界生活（TVアニメ動画）,2016年春アニメ,4.0,https://img.anikore.jp/images/anime/0/1/3/10013/10013.jpg?width=122&height=122&type=crop
57,マギ（TVアニメ動画）,2012年秋アニメ,3.8,https://img.anikore.jp/images/anime/8/5/7/3857/3857.jpg?width=122&height=122&type=crop
58,銀魂’（TVアニメ動画）,2011年春アニメ,4.2,https://img.anikore.jp/511QaPVW9jL.jpg._AA240_.jpg?width=122&height=122&type=crop&category=amazon
59,ゼロの使い魔F [エフ]（TVアニメ動画）,2012年冬アニメ,3.7,https://img.anikore.jp/images/anime/4/3/7/3437/3437.jpg?width=122&height=122&type=crop
60,黄昏乙女×アムネジア（TVアニメ動画）,2012年春アニメ,3.9,https://img.anikore.jp/images/anime/6/1/1/3611/3611.jpg?width=122&height=122&type=crop
61,十二国記（TVアニメ動画）,2002年春アニメ,4.0,https://img.anikore.jp/615yt0vEJLL.jpg._AA240_.jpg?width=122&height=122&type=crop&category=amazon
62,ONE PIECE -ワンピース（TVアニメ動画）,1999年秋アニメ,3.9,https://img.anikore.jp/512-OiaW%2B9L.jpg._AA240_.jpg?width=122&height=122&type=crop&category=amazon
63,カレイドスター（TVアニメ動画）,2003年春アニメ,4.1,https://img.anikore.jp/images/anime/5/2/3/523/523.jpg?width=122&height=122&type=crop
64,リトルバスターズ！ 〜Refrain〜（TVアニメ動画）,2013年秋アニメ,4.0,https://img.anikore.jp/images/anime/6/3/8/7638/7638.jpg?width=122&height=122&type=crop
65,ARIA The ORIGINATION[アリアジオリジネーション]（TVアニメ動画）,2008年冬アニメ,4.3,https://img.anikore.jp/images/anime/1/4/4/1144/1144.jpg?width=122&height=122&type=crop
66,魔法少女リリカルなのはA’s-エース（TVアニメ動画）,2005年秋アニメ,4.1,https://img.anikore.jp/51179E0F4ZL.jpg._AA240_.jpg?width=122&height=122&type=crop&category=amazon
67,ReLIFE（TVアニメ動画）,2016年夏アニメ,3.8,https://img.anikore.jp/images/anime/1/5/5/9155/9155.jpg?width=122&height=122&type=crop
68,たまゆら～hitotose～（TVアニメ動画）,2011年秋アニメ,3.8,https://img.anikore.jp/images/anime/9/8/9/2989/2989.jpg?width=122&height=122&type=crop
69,D.Gray-man[ディーグレイマン]（TVアニメ動画）,2006年秋アニメ,3.9,https://img.anikore.jp/51T4Gc3cl2L.jpg._AA240_.jpg?width=122&height=122&type=crop&category=amazon
70,獣の奏者エリン（TVアニメ動画）,2009年冬アニメ,3.9,https://img.anikore.jp/518W9RGQwDL.jpg._AA240_.jpg?width=122&height=122&type=crop&category=amazon
71,CLAYMORE クレイモア（TVアニメ動画）,2007年春アニメ,3.8,https://img.anikore.jp/images/anime/0/3/2/1032/1032.jpg?width=122&height=122&type=crop
72,暗殺教室（第2期）（TVアニメ動画）,2016年冬アニメ,3.9,https://img.anikore.jp/images/anime/5/5/6/9556/9556.jpg?width=122&height=122&type=crop
73,けものフレンズ（TVアニメ動画）,2017年冬アニメ,3.7,https://img.anikore.jp/images/anime/9/3/2/10932/10932.jpg?width=122&height=122&type=crop
74,終末のイゼッタ（TVアニメ動画）,2016年秋アニメ,3.6,https://img.anikore.jp/images/anime/7/4/7/10747/10747.jpg?width=122&height=122&type=crop
75,ちょびっツ（TVアニメ動画）,2002年春アニメ,3.7,https://img.anikore.jp/51MC17JZ4SL.jpg._AA240_.jpg?width=122&height=122&type=crop&category=amazon
76,夏目友人帳 伍（TVアニメ動画）,2016年秋アニメ,3.9,https://img.anikore.jp/images/anime/5/5/1/10551/10551.jpg?width=122&height=122&type=crop
77,ヒロイック・エイジ（TVアニメ動画）,2007年春アニメ,3.7,https://img.anikore.jp/21-wGRiaD6L.jpg._AA240_.jpg?width=122&height=122&type=crop&category=amazon
78,ふしぎの海のナディア（TVアニメ動画）,1990年春アニメ,3.9,https://img.anikore.jp/61qsXz69ETL.jpg._AA240_.jpg?width=122&height=122&type=crop&category=amazon
79,たまゆら ～もあぐれっしぶ～ (第2期)（TVアニメ動画）,2013年夏アニメ,3.8,https://img.anikore.jp/images/anime/6/9/4/3694/3694.jpg?width=122&height=122&type=crop
80,キングダム（TVアニメ動画）,2012年春アニメ,3.8,https://img.anikore.jp/images/anime/5/9/8/3598/3598.jpg?width=122&height=122&type=crop
81,魔法使いの嫁（TVアニメ動画）,2017年秋アニメ,3.5,https://img.anikore.jp/images/anime/1/5/2/11152/11152.jpg?width=122&height=122&type=crop
82,異世界食堂（TVアニメ動画）,2017年夏アニメ,3.7,https://img.anikore.jp/images/anime/9/5/5/10955/10955.jpg?width=122&height=122&type=crop
83,ハイキュー！！ 烏野高校 VS 白鳥沢学園高校（TVアニメ動画）,2016年秋アニメ,4.0,https://img.anikore.jp/images/anime/5/3/3/10533/10533.jpg?width=122&height=122&type=crop
84,めぞん一刻（TVアニメ動画）,1986年春アニメ,4.1,https://img.anikore.jp/41PD4KZJ43L.jpg._AA240_.jpg?width=122&height=122&type=crop&category=amazon
85,大正野球娘。（TVアニメ動画）,2009年夏アニメ,3.7,https://img.anikore.jp/images/anime/3/5/0/1350/1350.jpg?width=122&height=122&type=crop
86,我が家のお稲荷さま。（TVアニメ動画）,2008年春アニメ,3.5,https://img.anikore.jp/51%2BLdAo1W4L.jpg._AA240_.jpg?width=122&height=122&type=crop&category=amazon
87,地獄先生ぬ～べ～（TVアニメ動画）,1996年春アニメ,3.7,https://img.anikore.jp/images/anime/2/4/1/241/241.jpg?width=122&height=122&type=crop
88,ファンタジックチルドレン（TVアニメ動画）,2004年秋アニメ,3.8,https://img.anikore.jp/images/anime/6/9/1/691/691.jpg?width=122&height=122&type=crop
89,MAJOR 第6シリーズ-メジャー（TVアニメ動画）,2010年春アニメ,3.7,https://img.anikore.jp/3109XKN1E9L.jpg._AA240_.jpg?width=122&height=122&type=crop&category=amazon
90,昭和元禄落語心中 助六再び篇（TVアニメ動画）,2017年冬アニメ,4.0,https://img.anikore.jp/images/anime/6/0/4/10604/10604.jpg?width=122&height=122&type=crop
91,キングダム第2シリーズ（TVアニメ動画）,2013年春アニメ,3.8,https://img.anikore.jp/images/anime/0/1/1/4011/4011.jpg?width=122&height=122&type=crop
92,少年メイド（TVアニメ動画）,2016年春アニメ,3.4,https://img.anikore.jp/images/anime/1/0/8/10108/10108.jpg?width=122&height=122&type=crop
93,ああっ女神さまっ（TVアニメ動画）,2005年冬アニメ,3.7,https://img.anikore.jp/516962HQVZL.jpg._AA240_.jpg?width=122&height=122&type=crop&category=amazon
94,ダイヤのA ～Second Season～（TVアニメ動画）,2015年春アニメ,3.8,https://img.anikore.jp/images/anime/2/7/0/9270/9270.jpg?width=122&height=122&type=crop
95,装神少女まとい（TVアニメ動画）,2016年秋アニメ,3.5,https://img.anikore.jp/images/anime/7/9/6/10796/10796.jpg?width=122&height=122&type=crop
96,YAWARA！（TVアニメ動画）,1989年秋アニメ,3.8,https://img.anikore.jp/images/anime/1/9/5/3195/3195.jpg?width=122&height=122&type=crop
97,エルドライブ ēlDLIVE（TVアニメ動画）,2017年冬アニメ,3.1,https://img.anikore.jp/images/anime/4/9/7/10497/10497.jpg?width=122&height=122&type=crop
98,あしたのジョー2（TVアニメ動画）,1980年秋アニメ,4.1,https://img.anikore.jp/images/anime/0/9/6/96/96.jpg?width=122&height=122&type=crop
99,セイバーマリオネットJ（TVアニメ動画）,1996年秋アニメ,3.8,https://img.anikore.jp/617lN6V9rUL.jpg._AA240_.jpg?width=122&height=122&type=crop&category=amazon
100,うみものがたり あなたがいてくれたコト（TVアニメ動画）,2009年夏アニメ,3.3,https://img.anikore.jp/51ThlVOluFL.jpg._AA240_.jpg?width=122&height=122&type=crop&category=amazon
101,Shelter（Webアニメ）,2016年10月19日,4.0,https://img.anikore.jp/images/anime/9/2/1/10921/10921.jpg?width=122&height=122&type=crop
102,母をたずねて三千里（TVアニメ動画）,1976年冬アニメ,3.6,https://img.anikore.jp/images/anime/0/6/8/68/68.jpg?width=122&height=122&type=crop
103,キャプテン（TVアニメ動画）,1983年冬アニメ,3.7,https://img.anikore.jp/images/anime/1/0/9/109/109.jpg?width=122&height=122&type=crop
104,無敵超人ザンボット3（TVアニメ動画）,1977年秋アニメ,3.7,https://img.anikore.jp/516KQZ0DKPL.jpg._AA240_.jpg?width=122&height=122&type=crop&category=amazon
105,ツインエンジェルBREAK（TVアニメ動画）,2017年春アニメ,3.2,https://img.anikore.jp/images/anime/9/0/1/10901/10901.jpg?width=122&height=122&type=crop
106,甲虫王者ムシキング～森の民の伝説～（TVアニメ動画）,2005年春アニメ,3.9,https://img.anikore.jp/318D3Z1B8HL.jpg._AA240_.jpg?width=122&height=122&type=crop&category=amazon
107,アイドリッシュセブン（TVアニメ動画）,2018年冬アニメ,3.4,https://img.anikore.jp/images/anime/4/7/5/11475/11475.jpg?width=122&height=122&type=crop
108,天使になるもんっ！（TVアニメ動画）,1999年春アニメ,3.1,https://img.anikore.jp/images/anime/2/5/3/2253/2253.jpg?width=122&height=122&type=crop
109,スーサイド・バラッド（Webアニメ）,2013年4月12日,3.4,https://img.anikore.jp/images/anime/2/9/2/9292/9292.jpg?width=122&height=122&type=crop
110,ギルティクラウン [GUILTY CROWN]（TVアニメ動画）,2011年秋アニメ,4.1,https://img.anikore.jp/images/anime/2/6/2/3262/3262.jpg?width=122&height=122&type=crop
111,ソードアートオンラインⅡ（TVアニメ動画）,2014年夏アニメ,4.0,https://img.anikore.jp/images/anime/9/2/9/7929/7929.jpg?width=122&height=122&type=crop
112,鋼の錬金術師 FULLMETAL ALCHEMIST（TVアニメ動画）,2009年春アニメ,4.2,https://img.anikore.jp/images/anime/3/2/7/1327/1327.jpg?width=122&height=122&type=crop
113,妖狐×僕SS（TVアニメ動画）,2012年冬アニメ,3.9,https://img.anikore.jp/images/anime/4/2/7/3427/3427.jpg?width=122&height=122&type=crop
114,絶園のテンペスト（TVアニメ動画）,2012年秋アニメ,3.9,https://img.anikore.jp/images/anime/7/7/1/3771/3771.jpg?width=122&height=122&type=crop
115,続 夏目友人帳（TVアニメ動画）,2009年冬アニメ,4.1,https://img.anikore.jp/images/anime/2/8/0/1280/1280.jpg?width=122&height=122&type=crop
116,さんかれあ（TVアニメ動画）,2012年春アニメ,3.6,https://img.anikore.jp/images/anime/5/8/8/3588/3588.jpg?width=122&height=122&type=crop
117,ゴールデンタイム（TVアニメ動画）,2013年秋アニメ,3.7,https://img.anikore.jp/images/anime/6/3/3/7633/7633.jpg?width=122&height=122&type=crop
118,ダンガンロンパ 希望の学園と絶望の高校生（TVアニメ動画）,2013年夏アニメ,3.6,https://img.anikore.jp/images/anime/5/1/9/7519/7519.jpg?width=122&height=122&type=crop
119,夏目友人帳 肆（TVアニメ動画）,2012年冬アニメ,4.1,https://img.anikore.jp/images/anime/4/5/7/3457/3457.jpg?width=122&height=122&type=crop
120,THE IDOLM@STER [アイドルマスター]（TVアニメ動画）,2011年夏アニメ,4.1,https://img.anikore.jp/images/anime/9/7/4/2974/2974.jpg?width=122&height=122&type=crop
121,花物語（TVアニメ動画）,2014年夏アニメ,3.9,https://img.anikore.jp/images/anime/9/1/6/7916/7916.jpg?width=122&height=122&type=crop
122,輪るピングドラム（TVアニメ動画）,2011年夏アニメ,3.8,https://img.anikore.jp/images/anime/2/1/8/3218/3218.jpg?width=122&height=122&type=crop
123,ラブライブ！ School idol project(第2期)（TVアニメ動画）,2014年春アニメ,4.0,https://img.anikore.jp/images/anime/6/9/6/7696/7696.jpg?width=122&height=122&type=crop
124,生徒会役員共＊（第2期）（TVアニメ動画）,2014年冬アニメ,3.8,https://img.anikore.jp/images/anime/7/6/3/7763/7763.jpg?width=122&height=122&type=crop
125,ROBOTICS;NOTES [ロボティクスノーツ]（TVアニメ動画）,2012年秋アニメ,3.6,https://img.anikore.jp/images/anime/7/0/8/3708/3708.jpg?width=122&height=122&type=crop
126,K（TVアニメ動画）,2012年秋アニメ,3.7,https://img.anikore.jp/images/anime/7/8/5/3785/3785.jpg?width=122&height=122&type=crop
127,ハイキュー！！（TVアニメ動画）,2014年春アニメ,4.0,https://img.anikore.jp/images/anime/7/6/4/7764/7764.jpg?width=122&height=122&type=crop
128,貧乏神が！（TVアニメ動画）,2012年夏アニメ,3.7,https://img.anikore.jp/images/anime/7/4/2/3742/3742.jpg?width=122&height=122&type=crop
129,灰羽連盟（TVアニメ動画）,2002年秋アニメ,3.8,https://img.anikore.jp/51f%2BqncWuxL.jpg._AA240_.jpg?width=122&height=122&type=crop&category=amazon
130,バクマン。（TVアニメ動画）,2010年秋アニメ,3.9,https://img.anikore.jp/51d2yrjVz7L.jpg._AA240_.jpg?width=122&height=122&type=crop&category=amazon
131,ささみさん＠がんばらない（TVアニメ動画）,2013年冬アニメ,3.6,https://img.anikore.jp/images/anime/9/2/2/3922/3922.jpg?width=122&height=122&type=crop
132,落第騎士の英雄譚（キャバルリィ）（TVアニメ動画）,2015年秋アニメ,3.6,https://img.anikore.jp/images/anime/3/1/4/9314/9314.jpg?width=122&height=122&type=crop
133,魔法少女リリカルなのは（TVアニメ動画）,2004年秋アニメ,3.8,https://img.anikore.jp/514Y1ZC2M7L.jpg._AA240_.jpg?width=122&height=122&type=crop&category=amazon
134,彼女がフラグをおられたら（TVアニメ動画）,2014年春アニメ,3.3,https://img.anikore.jp/images/anime/8/6/3/7863/7863.jpg?width=122&height=122&type=crop
135,ソ・ラ・ノ・ヲ・ト（TVアニメ動画）,2010年冬アニメ,3.8,https://img.anikore.jp/51ej9WvqNkL.jpg._AA240_.jpg?width=122&height=122&type=crop&category=amazon
136,機動戦士ガンダムSEED DESTINY[シードデスティニー]（TVアニメ動画）,2004年秋アニメ,3.7,https://img.anikore.jp/51TT0YJFPWL.jpg._AA240_.jpg?width=122&height=122&type=crop&category=amazon
137,アオハライド（TVアニメ動画）,2014年夏アニメ,3.7,https://img.anikore.jp/images/anime/9/8/9/7989/7989.jpg?width=122&height=122&type=crop
138,BLOOD+ ブラッドプラス（TVアニメ動画）,2005年秋アニメ,3.8,https://img.anikore.jp/images/anime/8/0/8/808/808.jpg?width=122&height=122&type=crop
139,弱虫ペダル（TVアニメ動画）,2013年秋アニメ,3.8,https://img.anikore.jp/images/anime/6/1/3/7613/7613.jpg?width=122&height=122&type=crop
140,フリージング（TVアニメ動画）,2011年冬アニメ,3.4,https://img.anikore.jp/images/anime/2/7/3/2273/2273.jpg?width=122&height=122&type=crop
141,好きっていいなよ。（TVアニメ動画）,2012年秋アニメ,3.5,https://img.anikore.jp/images/anime/7/5/4/3754/3754.jpg?width=122&height=122&type=crop
142,マギ The Kingdom of magic (2期)（TVアニメ動画）,2013年秋アニメ,3.9,https://img.anikore.jp/images/anime/6/3/4/7634/7634.jpg?width=122&height=122&type=crop
143,神さまのいない日曜日（TVアニメ動画）,2013年夏アニメ,3.7,https://img.anikore.jp/images/anime/5/2/4/7524/7524.jpg?width=122&height=122&type=crop
144,蒼穹のファフナー（TVアニメ動画）,2004年夏アニメ,3.8,https://img.anikore.jp/518ELnbOyKL.jpg._AA240_.jpg?width=122&height=122&type=crop&category=amazon
145,DEVIL SURVIVOR 2 the ANIMATION（TVアニメ動画）,2013年春アニメ,3.4,https://img.anikore.jp/images/anime/9/9/8/3998/3998.jpg?width=122&height=122&type=crop
146,薄桜鬼（TVアニメ動画）,2010年春アニメ,4.0,https://img.anikore.jp/images/anime/4/5/1/1451/1451.jpg?width=122&height=122&type=crop
147,アルスラーン戦記（TVアニメ動画）,2015年春アニメ,3.8,https://img.anikore.jp/images/anime/9/1/2/8912/8912.jpg?width=122&height=122&type=crop
148,WHITE ALBUM2（TVアニメ動画）,2013年秋アニメ,3.9,https://img.anikore.jp/images/anime/6/0/3/7603/7603.jpg?width=122&height=122&type=crop
149,ロウきゅーぶ！SS (第2期)（TVアニメ動画）,2013年夏アニメ,3.8,https://img.anikore.jp/616ZvCiYeGL.jpg._AA240_.jpg?width=122&height=122&type=crop&category=amazon
150,デス・パレード（TVアニメ動画）,2015年冬アニメ,3.7,https://img.anikore.jp/images/anime/6/6/6/8666/8666.jpg?width=122&height=122&type=crop
151,フォーチュン アテリアル-赤い約束-[FORTUNE ARTERIAL]（TVアニメ動画）,2010年秋アニメ,3.6,https://img.anikore.jp/images/anime/0/9/5/2095/2095.jpg?width=122&height=122&type=crop
152,ノエイン もうひとりの君へ（TVアニメ動画）,2005年秋アニメ,3.7,https://img.anikore.jp/41SDZEYS0PL.jpg._AA240_.jpg?width=122&height=122&type=crop&category=amazon
153,俺たちに翼はない（TVアニメ動画）,2011年春アニメ,3.5,https://img.anikore.jp/images/anime/7/3/0/2730/2730.jpg?width=122&height=122&type=crop
154,櫻子さんの足下には死体が埋まっている（TVアニメ動画）,2015年秋アニメ,3.6,https://img.anikore.jp/images/anime/2/2/6/9226/9226.jpg?width=122&height=122&type=crop
155,かみちゅ！（TVアニメ動画）,2005年夏アニメ,3.7,https://img.anikore.jp/515GDZMXW4L.jpg._AA240_.jpg?width=122&height=122&type=crop&category=amazon
156,夏色キセキ（TVアニメ動画）,2012年春アニメ,3.5,https://img.anikore.jp/images/anime/5/4/8/3548/3548.jpg?width=122&height=122&type=crop
157,Free！ Eternal Summer（TVアニメ動画）,2014年夏アニメ,3.8,https://img.anikore.jp/images/anime/0/0/7/8007/8007.jpg?width=122&height=122&type=crop
158,デンキ街の本屋さん（TVアニメ動画）,2014年秋アニメ,3.5,https://img.anikore.jp/images/anime/2/3/6/8236/8236.jpg?width=122&height=122&type=crop
159,エウレカセブンＡＯ（TVアニメ動画）,2012年春アニメ,3.4,https://img.anikore.jp/images/anime/5/7/5/3575/3575.jpg?width=122&height=122&type=crop
160,MAJOR 第1シリーズ-メジャー（TVアニメ動画）,2004年秋アニメ,3.9,https://img.anikore.jp/31KZ4Z352ZL.jpg._AA240_.jpg?width=122&height=122&type=crop&category=amazon
161,最終兵器彼女（TVアニメ動画）,2002年夏アニメ,3.5,https://img.anikore.jp/images/anime/4/6/2/462/462.jpg?width=122&height=122&type=crop
162,明日のよいち！（TVアニメ動画）,2009年冬アニメ,3.4,https://img.anikore.jp/61eUfrrKMoL.jpg._AA240_.jpg?width=122&height=122&type=crop&category=amazon
163,新 HUNTER×HUNTER（TVアニメ動画）,2011年秋アニメ,3.8,https://img.anikore.jp/images/anime/4/1/1/3411/3411.jpg?width=122&height=122&type=crop
164,断裁分離のクライムエッジ（TVアニメ動画）,2013年春アニメ,3.2,https://img.anikore.jp/images/anime/9/9/2/3992/3992.jpg?width=122&height=122&type=crop
165,夏雪ランデブー（TVアニメ動画）,2012年夏アニメ,3.6,https://img.anikore.jp/images/anime/7/0/6/3706/3706.jpg?width=122&height=122&type=crop
166,バクマン。第3シリーズ（TVアニメ動画）,2012年秋アニメ,3.9,https://img.anikore.jp/images/anime/6/9/9/3699/3699.jpg?width=122&height=122&type=crop
167,トータル・イクリプス マブラヴオルタネイティヴ on TV（TVアニメ動画）,2012年夏アニメ,3.5,https://img.anikore.jp/images/anime/6/4/2/3642/3642.jpg?width=122&height=122&type=crop
168,のだめカンタービレ（TVアニメ動画）,2007年冬アニメ,4.0,https://img.anikore.jp/51JaCTBUMxL.jpg._AA240_.jpg?width=122&height=122&type=crop&category=amazon
169,ハチミツとクローバー（TVアニメ動画）,2005年春アニメ,3.9,https://img.anikore.jp/513AX0Zb9fL.jpg._AA240_.jpg?width=122&height=122&type=crop&category=amazon
170,ハイキュー！！ セカンドシーズン（TVアニメ動画）,2015年秋アニメ,4.1,https://img.anikore.jp/images/anime/0/5/2/9052/9052.jpg?width=122&height=122&type=crop
171,蟲師 続章（TVアニメ動画）,2014年春アニメ,4.0,https://img.anikore.jp/images/anime/8/5/5/7855/7855.jpg?width=122&height=122&type=crop
172,ディメンションW（TVアニメ動画）,2016年冬アニメ,3.8,https://img.anikore.jp/images/anime/9/4/8/9948/9948.jpg?width=122&height=122&type=crop
173,聖剣の刀鍛冶(ブラックスミス)（TVアニメ動画）,2009年秋アニメ,3.5,https://img.anikore.jp/61UO6zamTeL.jpg._AA240_.jpg?width=122&height=122&type=crop&category=amazon
174,バディ・コンプレックス（TVアニメ動画）,2014年冬アニメ,3.6,https://img.anikore.jp/images/anime/7/5/7/7757/7757.jpg?width=122&height=122&type=crop
175,甘々と稲妻（TVアニメ動画）,2016年夏アニメ,3.7,https://img.anikore.jp/images/anime/4/9/8/10498/10498.jpg?width=122&height=122&type=crop
176,機動戦士Zガンダム [ゼータ]（TVアニメ動画）,1985年冬アニメ,4.0,https://img.anikore.jp/images/anime/1/2/6/126/126.jpg?width=122&height=122&type=crop
177,君のいる町（TVアニメ動画）,2013年夏アニメ,3.4,https://img.anikore.jp/images/anime/5/5/9/7559/7559.jpg?width=122&height=122&type=crop
178,サムライフラメンコ（TVアニメ動画）,2013年秋アニメ,3.3,https://img.anikore.jp/images/anime/6/3/6/7636/7636.jpg?width=122&height=122&type=crop
179,黒子のバスケ(第3期)（TVアニメ動画）,2015年冬アニメ,3.9,https://img.anikore.jp/images/anime/0/9/7/8097/8097.jpg?width=122&height=122&type=crop
180,ラストエグザイル-銀翼のファム-（TVアニメ動画）,2011年秋アニメ,3.6,https://img.anikore.jp/images/anime/9/7/1/2971/2971.jpg?width=122&height=122&type=crop
181,D.C.ダカーポ（TVアニメ動画）,2003年夏アニメ,3.5,https://img.anikore.jp/51zmaznrCfL.jpg._AA240_.jpg?width=122&height=122&type=crop&category=amazon
182,普通の女子校生が【ろこどる】やってみた。（TVアニメ動画）,2014年夏アニメ,3.8,https://img.anikore.jp/images/anime/9/8/7/7987/7987.jpg?width=122&height=122&type=crop
183,WORKING！！！ 第14話「ロード・オブ・ザ・小鳥遊」（TVアニメ動画）,2016年冬アニメ,4.0,https://img.anikore.jp/images/anime/2/3/8/10238/10238.jpg?width=122&height=122&type=crop
184,海月姫-くらげひめ-（TVアニメ動画）,2010年秋アニメ,3.8,https://img.anikore.jp/511K0nKWakL.jpg._AA240_.jpg?width=122&height=122&type=crop&category=amazon
185,こばと。（TVアニメ動画）,2009年秋アニメ,3.9,https://img.anikore.jp/images/anime/3/8/8/1388/1388.jpg?width=122&height=122&type=crop
186,Rewrite（TVアニメ動画）,2016年夏アニメ,3.3,https://img.anikore.jp/images/anime/1/4/9/10149/10149.jpg?width=122&height=122&type=crop
187,食戟のソーマ 弐の皿（TVアニメ動画）,2016年夏アニメ,3.8,https://img.anikore.jp/images/anime/3/6/5/10365/10365.jpg?width=122&height=122&type=crop
188,モブサイコ100（TVアニメ動画）,2016年夏アニメ,3.8,https://img.anikore.jp/images/anime/2/8/2/10282/10282.jpg?width=122&height=122&type=crop
189,ダンス イン ザ ヴァンパイアバンド（TVアニメ動画）,2010年冬アニメ,3.5,https://img.anikore.jp/61rpmu8UraL.jpg._AA240_.jpg?width=122&height=122&type=crop&category=amazon
190,棺姫のチャイカ AVENGING BATTLE（TVアニメ動画）,2014年秋アニメ,3.5,https://img.anikore.jp/images/anime/9/8/5/7985/7985.jpg?width=122&height=122&type=crop
191,東京ESP（TVアニメ動画）,2014年夏アニメ,3.2,https://img.anikore.jp/images/anime/9/8/0/7980/7980.jpg?width=122&height=122&type=crop
192,ヤマノススメ　セカンドシーズン（TVアニメ動画）,2014年夏アニメ,3.9,https://img.anikore.jp/images/anime/9/2/7/7927/7927.jpg?width=122&height=122&type=crop
193,隠の王（TVアニメ動画）,2008年春アニメ,3.5,https://img.anikore.jp/51bmtTbee4L.jpg._AA240_.jpg?width=122&height=122&type=crop&category=amazon
194,銀魂゜（TVアニメ動画）,2015年春アニメ,3.9,https://img.anikore.jp/images/anime/8/4/4/8844/8844.jpg?width=122&height=122&type=crop
195,D.C.III～ダ・カーポIII～（TVアニメ動画）,2013年冬アニメ,3.5,https://img.anikore.jp/images/anime/8/0/1/3801/3801.jpg?width=122&height=122&type=crop
196,閃乱カグラ（TVアニメ動画）,2013年冬アニメ,3.3,https://img.anikore.jp/images/anime/9/3/9/3939/3939.jpg?width=122&height=122&type=crop
197,ゆるゆり さん☆ハイ！（TVアニメ動画）,2015年秋アニメ,3.9,https://img.anikore.jp/images/anime/2/9/3/9293/9293.jpg?width=122&height=122&type=crop
198,"Wake Up,Girls！（TVアニメ動画）",2014年冬アニメ,3.2,https://img.anikore.jp/images/anime/6/7/3/7673/7673.jpg?width=122&height=122&type=crop
199,ハヤテのごとく！ CAN'T TAKE MY EYES OFF YOU（TVアニメ動画）,2012年秋アニメ,3.4,https://img.anikore.jp/images/anime/7/9/7/3797/3797.jpg?width=122&height=122&type=crop
200,selector spread WIXOSS（TVアニメ動画）,2014年秋アニメ,3.7,https://img.anikore.jp/images/anime/2/5/5/8255/8255.jpg?width=122&height=122&type=crop
201,MAJOR 第2シリーズ-メジャー（TVアニメ動画）,2005年秋アニメ,3.8,https://img.anikore.jp/514Y0785GRL.jpg._AA240_.jpg?width=122&height=122&type=crop&category=amazon
202,ウィザード・バリスターズ～弁魔士セシル（TVアニメ動画）,2014年冬アニメ,3.3,https://img.anikore.jp/images/anime/6/9/7/7697/7697.jpg?width=122&height=122&type=crop
203,シャーマンキング（TVアニメ動画）,2001年夏アニメ,3.7,https://img.anikore.jp/images/anime/3/7/9/379/379.jpg?width=122&height=122&type=crop
204,少女たちは荒野を目指す（TVアニメ動画）,2016年冬アニメ,3.2,https://img.anikore.jp/images/anime/2/1/0/10210/10210.jpg?width=122&height=122&type=crop
205,テガミバチ（TVアニメ動画）,2009年秋アニメ,3.7,https://img.anikore.jp/51IjiMYNphL.jpg._AA240_.jpg?width=122&height=122&type=crop&category=amazon
206,結界師（TVアニメ動画）,2006年秋アニメ,3.6,https://img.anikore.jp/51B1SE6N8EL.jpg._AA240_.jpg?width=122&height=122&type=crop&category=amazon
207,クロスゲーム（TVアニメ動画）,2009年春アニメ,3.9,https://img.anikore.jp/51ySp6LmzCL.jpg._AA240_.jpg?width=122&height=122&type=crop&category=amazon
208,スクールランブル（TVアニメ動画）,2004年秋アニメ,3.8,https://img.anikore.jp/images/anime/6/9/2/692/692.jpg?width=122&height=122&type=crop
209,百花繚乱 サムライブライド（TVアニメ動画）,2013年春アニメ,3.4,https://img.anikore.jp/images/anime/0/0/2/4002/4002.jpg?width=122&height=122&type=crop
210,ツバサクロニクル（TVアニメ動画）,2005年春アニメ,3.6,https://img.anikore.jp/510RH0BFGEL.jpg._AA240_.jpg?width=122&height=122&type=crop&category=amazon
211,GJ部@（TVアニメ動画）,2014年春アニメ,3.6,https://img.anikore.jp/images/anime/8/4/5/7845/7845.jpg?width=122&height=122&type=crop
212,D.C.II S.S. ダ・カーポII セカンドシーズン（TVアニメ動画）,2008年春アニメ,3.8,https://img.anikore.jp/51dbvblBvqL.jpg._AA240_.jpg?width=122&height=122&type=crop&category=amazon
213,電波教師（TVアニメ動画）,2015年春アニメ,3.2,https://img.anikore.jp/images/anime/0/0/9/9009/9009.jpg?width=122&height=122&type=crop
214,エスカ＆ロジーのアトリエ～黄昏の空の錬金術士～（TVアニメ動画）,2014年春アニメ,3.3,https://img.anikore.jp/images/anime/9/0/0/7900/7900.jpg?width=122&height=122&type=crop
215,スペース☆ダンディ（TVアニメ動画）,2014年冬アニメ,3.7,https://img.anikore.jp/images/anime/6/6/3/7663/7663.jpg?width=122&height=122&type=crop
216,君が主で執事が俺で（TVアニメ動画）,2008年冬アニメ,3.4,https://img.anikore.jp/51RXo2ZpDpL.jpg._AA240_.jpg?width=122&height=122&type=crop&category=amazon
217,アスラクライン（TVアニメ動画）,2009年春アニメ,3.4,https://img.anikore.jp/611bWjyvELL.jpg._AA240_.jpg?width=122&height=122&type=crop&category=amazon
218,H2O ～FOOTPRINTS IN THE SAND～エイチツーオー・フットプリンツインザサンド（TVアニメ動画）,2008年冬アニメ,3.5,https://img.anikore.jp/51EFQrmOOtL.jpg._AA240_.jpg?width=122&height=122&type=crop&category=amazon
219,八犬伝ー東方八犬異聞ー（TVアニメ動画）,2013年冬アニメ,3.7,https://img.anikore.jp/images/anime/9/3/8/3938/3938.jpg?width=122&height=122&type=crop
220,終物語（「まよいヘル」「ひたぎランデブー」「おうぎダーク」）（TVアニメ動画）,2017年夏アニメ,4.0,https://img.anikore.jp/images/anime/1/6/1/11161/11161.jpg?width=122&height=122&type=crop
221,緋色の欠片（TVアニメ動画）,2012年春アニメ,3.5,https://img.anikore.jp/images/anime/5/9/3/3593/3593.jpg?width=122&height=122&type=crop
222,ひだまりスケッチ×ハニカム（TVアニメ動画）,2012年秋アニメ,3.9,https://img.anikore.jp/images/anime/6/9/7/3697/3697.jpg?width=122&height=122&type=crop
223,LUPIN the Third 〜峰不二子という女〜（TVアニメ動画）,2012年春アニメ,3.7,https://img.anikore.jp/images/anime/6/5/1/3651/3651.jpg?width=122&height=122&type=crop
224,MAJOR 第3シリーズ-メジャー（TVアニメ動画）,2007年冬アニメ,3.8,https://img.anikore.jp/51c3NOYIeHL.jpg._AA240_.jpg?width=122&height=122&type=crop&category=amazon
225,京騒戯画（TVアニメ動画）,2013年秋アニメ,3.7,https://img.anikore.jp/images/anime/7/8/8/7788/7788.jpg?width=122&height=122&type=crop
226,パンティ＆ストッキング ウィズ ガーターベルト[Panty＆Stocking with Garterbelt]（TVアニメ動画）,2010年秋アニメ,3.8,https://img.anikore.jp/images/anime/2/3/1/2231/2231.jpg?width=122&height=122&type=crop
227,∀-ターンエーガンダム（TVアニメ動画）,1999年春アニメ,4.0,https://img.anikore.jp/51FTF9MTC5L.jpg._AA240_.jpg?width=122&height=122&type=crop&category=amazon
228,まぶらほ（TVアニメ動画）,2003年春アニメ,3.4,https://img.anikore.jp/41SSGYMXWVL.jpg._AA240_.jpg?width=122&height=122&type=crop&category=amazon
229,うえきの法則（TVアニメ動画）,2005年春アニメ,3.7,https://img.anikore.jp/514BG31806L.jpg._AA240_.jpg?width=122&height=122&type=crop&category=amazon
230,D.C.II ダ・カーポII（TVアニメ動画）,2007年秋アニメ,3.6,https://img.anikore.jp/51LxYhe7W9L.jpg._AA240_.jpg?width=122&height=122&type=crop&category=amazon
231,ながされて藍蘭島（TVアニメ動画）,2007年春アニメ,3.5,https://img.anikore.jp/51YB6E8hqNL.jpg._AA240_.jpg?width=122&height=122&type=crop&category=amazon
232,D.C.S.S. ダ・カーポ セカンドシーズン（TVアニメ動画）,2005年夏アニメ,3.5,https://img.anikore.jp/51Q67GZVHML.jpg._AA240_.jpg?width=122&height=122&type=crop&category=amazon
233,K RETURN OF KINGS[ケーリターンオブキングス]（TVアニメ動画）,2015年秋アニメ,3.7,https://img.anikore.jp/images/anime/0/8/0/9080/9080.jpg?width=122&height=122&type=crop
234,もしドラ（TVアニメ動画）,2011年春アニメ,3.2,https://img.anikore.jp/images/anime/2/7/8/2278/2278.jpg?width=122&height=122&type=crop
235,おねがい☆ティーチャー（TVアニメ動画）,2002年冬アニメ,3.6,https://img.anikore.jp/51V6HNTXhkL.jpg._AA240_.jpg?width=122&height=122&type=crop&category=amazon
236,純情ロマンチカ（TVアニメ動画）,2008年春アニメ,3.9,https://img.anikore.jp/61Um1oZCkHL.jpg._AA240_.jpg?width=122&height=122&type=crop&category=amazon
237,CHAOS；CHILD（カオスチャイルド）（TVアニメ動画）,2017年冬アニメ,3.1,https://img.anikore.jp/images/anime/4/0/6/9406/9406.jpg?width=122&height=122&type=crop
238,信長協奏曲（TVアニメ動画）,2014年夏アニメ,3.8,https://img.anikore.jp/images/anime/9/9/6/7996/7996.jpg?width=122&height=122&type=crop
239,すもももももも 地上最強のヨメ（TVアニメ動画）,2006年秋アニメ,3.5,https://img.anikore.jp/51GCFF4EZTL.jpg._AA240_.jpg?width=122&height=122&type=crop&category=amazon
240,武装神姫（TVアニメ動画）,2012年秋アニメ,3.4,https://img.anikore.jp/images/anime/8/5/1/3851/3851.jpg?width=122&height=122&type=crop
241,天空のエスカフローネ（TVアニメ動画）,1996年春アニメ,3.7,https://img.anikore.jp/51O-q0lMFqL.jpg._AA240_.jpg?width=122&height=122&type=crop&category=amazon
242,ミス・モノクローム（TVアニメ動画）,2013年秋アニメ,3.4,https://img.anikore.jp/images/anime/6/4/9/7649/7649.jpg?width=122&height=122&type=crop
243,ネト充のススメ（TVアニメ動画）,2017年秋アニメ,3.7,https://img.anikore.jp/images/anime/2/9/4/11294/11294.jpg?width=122&height=122&type=crop
244,バディ・コンプレックス 完結編 ―あの空に還る未来で―（TVアニメ動画）,2014年秋アニメ,3.7,https://img.anikore.jp/images/anime/0/5/6/8056/8056.jpg?width=122&height=122&type=crop
245,あいまいみー（TVアニメ動画）,2013年冬アニメ,3.2,https://img.anikore.jp/images/anime/9/3/4/3934/3934.jpg?width=122&height=122&type=crop
246,ロミオ×ジュリエット（TVアニメ動画）,2007年春アニメ,3.8,https://img.anikore.jp/319tSIQjkJL.jpg._AA240_.jpg?width=122&height=122&type=crop&category=amazon
247,M3 -ソノ黑キ鋼-（TVアニメ動画）,2014年春アニメ,3.1,https://img.anikore.jp/images/anime/9/0/4/7904/7904.jpg?width=122&height=122&type=crop
248,アスラクライン2（TVアニメ動画）,2009年秋アニメ,3.5,https://img.anikore.jp/61upUUoqc7L.jpg._AA240_.jpg?width=122&height=122&type=crop&category=amazon
249,戦国BASARA[バサラ]（TVアニメ動画）,2009年春アニメ,3.7,https://img.anikore.jp/51oSOujUWuL.jpg._AA240_.jpg?width=122&height=122&type=crop&category=amazon
250,学園アリス（TVアニメ動画）,2004年秋アニメ,3.7,https://img.anikore.jp/512EYEZKT3L.jpg._AA240_.jpg?width=122&height=122&type=crop&category=amazon
251,世界でいちばん強くなりたい！（TVアニメ動画）,2013年秋アニメ,3.1,https://img.anikore.jp/images/anime/6/3/1/7631/7631.jpg?width=122&height=122&type=crop
252,双星の陰陽師（TVアニメ動画）,2016年春アニメ,3.2,https://img.anikore.jp/images/anime/2/8/4/10284/10284.jpg?width=122&height=122&type=crop
253,コメット・ルシファー（TVアニメ動画）,2015年秋アニメ,3.0,https://img.anikore.jp/images/anime/0/5/1/10051/10051.jpg?width=122&height=122&type=crop
254,ひめゴト（TVアニメ動画）,2014年夏アニメ,3.2,https://img.anikore.jp/images/anime/0/2/3/8023/8023.jpg?width=122&height=122&type=crop
255,涼風（TVアニメ動画）,2005年夏アニメ,3.5,https://img.anikore.jp/51AAS2FS1NL.jpg._AA240_.jpg?width=122&height=122&type=crop&category=amazon
256,テガミバチREVERSE[リバース]（TVアニメ動画）,2010年秋アニメ,3.8,https://img.anikore.jp/61bpqGm5pwL.jpg._AA240_.jpg?width=122&height=122&type=crop&category=amazon
257,RD潜脳調査室 アールディー（TVアニメ動画）,2008年春アニメ,3.5,https://img.anikore.jp/images/anime/1/9/2/1192/1192.jpg?width=122&height=122&type=crop
258,Over Drive-オーバードライブ（TVアニメ動画）,2007年春アニメ,3.6,https://img.anikore.jp/51k0ndBCjRL.jpg._AA240_.jpg?width=122&height=122&type=crop&category=amazon
259,ダンガンロンパ3 -The End of 希望ヶ峰学園- 絶望編（TVアニメ動画）,2016年夏アニメ,3.5,https://img.anikore.jp/images/anime/6/5/7/10657/10657.jpg?width=122&height=122&type=crop
260,超時空要塞マクロス（TVアニメ動画）,1982年秋アニメ,3.7,https://img.anikore.jp/510EW8EKF3L.jpg._AA240_.jpg?width=122&height=122&type=crop&category=amazon
261,宇宙のステルヴィア（TVアニメ動画）,2003年春アニメ,3.7,https://img.anikore.jp/51kqBOz2nYL.jpg._AA240_.jpg?width=122&height=122&type=crop&category=amazon
262,機動戦士Vガンダム [ヴィクトリー]（TVアニメ動画）,1993年春アニメ,3.5,https://img.anikore.jp/51NZ5HFWTSL.jpg._AA240_.jpg?width=122&height=122&type=crop&category=amazon
263,夏のあらし！（TVアニメ動画）,2009年春アニメ,3.6,https://img.anikore.jp/61k0u6CcdUL.jpg._AA240_.jpg?width=122&height=122&type=crop&category=amazon
264,てさぐれ！部活もの あんこーる（TVアニメ動画）,2014年冬アニメ,3.7,https://img.anikore.jp/51vtK9caqoL.jpg._AA240_.jpg?width=122&height=122&type=crop&category=amazon
265,不機嫌なモノノケ庵（TVアニメ動画）,2016年夏アニメ,3.5,https://img.anikore.jp/images/anime/4/3/7/10437/10437.jpg?width=122&height=122&type=crop
266,Rewrite 2nd Season（TVアニメ動画）,2017年冬アニメ,3.4,https://img.anikore.jp/images/anime/8/9/2/10892/10892.jpg?width=122&height=122&type=crop
267,スペース☆ダンディ シーズン2（TVアニメ動画）,2014年夏アニメ,3.9,https://img.anikore.jp/images/anime/9/8/4/7984/7984.jpg?width=122&height=122&type=crop
268,エリアの騎士（TVアニメ動画）,2012年冬アニメ,3.5,https://img.anikore.jp/images/anime/5/6/7/3567/3567.jpg?width=122&height=122&type=crop
269,貧乏姉妹物語（TVアニメ動画）,2006年夏アニメ,3.6,https://img.anikore.jp/51X87HZN34L.jpg._AA240_.jpg?width=122&height=122&type=crop&category=amazon
270,美少女戦士セーラームーン（TVアニメ動画）,1992年冬アニメ,3.8,https://img.anikore.jp/images/anime/1/8/7/187/187.jpg?width=122&height=122&type=crop
271,ときめきメモリアル Only Love（TVアニメ動画）,2006年秋アニメ,3.5,https://img.anikore.jp/51smVP6haxL.jpg._AA240_.jpg?width=122&height=122&type=crop&category=amazon
272,空中ブランコ（TVアニメ動画）,2009年秋アニメ,3.8,https://img.anikore.jp/51OA9q1P7hL.jpg._AA240_.jpg?width=122&height=122&type=crop&category=amazon
273,学校の怪談（TVアニメ動画）,2000年秋アニメ,3.6,https://img.anikore.jp/51P8OcSr1NL.jpg._AA240_.jpg?width=122&height=122&type=crop&category=amazon
274,天体戦士サンレッド（TVアニメ動画）,2008年秋アニメ,3.7,https://img.anikore.jp/41fbYpDfq7L.jpg._AA240_.jpg?width=122&height=122&type=crop&category=amazon
275,ラクエンロジック（TVアニメ動画）,2016年冬アニメ,3.0,https://img.anikore.jp/images/anime/2/5/7/10257/10257.jpg?width=122&height=122&type=crop
276,アルジェントソーマ（TVアニメ動画）,2000年秋アニメ,3.6,https://img.anikore.jp/51TE3JXD1XL.jpg._AA240_.jpg?width=122&height=122&type=crop&category=amazon
277,サクラ大戦 TV（TVアニメ動画）,2000年春アニメ,3.7,https://img.anikore.jp/images/anime/3/0/7/307/307.jpg?width=122&height=122&type=crop
278,八犬伝東方八犬異聞(第2期)（TVアニメ動画）,2013年夏アニメ,3.8,https://img.anikore.jp/images/anime/5/9/5/7595/7595.jpg?width=122&height=122&type=crop
279,イナズマイレブン（TVアニメ動画）,2008年秋アニメ,3.9,https://img.anikore.jp/61ATk4Yf4rL.jpg._AA240_.jpg?width=122&height=122&type=crop&category=amazon
280,BLASSREITER ブラスレイター（TVアニメ動画）,2008年春アニメ,3.5,https://img.anikore.jp/51nb6JMcwBL.jpg._AA240_.jpg?width=122&height=122&type=crop&category=amazon
281,NANA ナナ（TVアニメ動画）,2006年春アニメ,3.8,https://img.anikore.jp/51M2PZBB4TL.jpg._AA240_.jpg?width=122&height=122&type=crop&category=amazon
282,ふたつのスピカ（TVアニメ動画）,2003年春アニメ,3.7,https://img.anikore.jp/51NjGt%2B-DRL.jpg._AA240_.jpg?width=122&height=122&type=crop&category=amazon
283,夜明け前より瑠璃色な Crescent Love（TVアニメ動画）,2006年秋アニメ,3.2,https://img.anikore.jp/images/anime/9/4/7/947/947.jpg?width=122&height=122&type=crop
284,満月をさがして（TVアニメ動画）,2002年春アニメ,3.8,https://img.anikore.jp/51WEF2BXPPL.jpg._AA240_.jpg?width=122&height=122&type=crop&category=amazon
285,となグラ！（TVアニメ動画）,2006年夏アニメ,3.2,https://img.anikore.jp/images/anime/9/2/7/927/927.jpg?width=122&height=122&type=crop
286,絶対防衛レヴィアタン（TVアニメ動画）,2013年春アニメ,3.4,https://img.anikore.jp/images/anime/0/3/0/4030/4030.jpg?width=122&height=122&type=crop
287,Kanon カノン[東映アニメーション版]（TVアニメ動画）,2002年冬アニメ,3.5,https://img.anikore.jp/images/anime/4/2/3/423/423.jpg?width=122&height=122&type=crop
288,うしおととら 第2期（TVアニメ動画）,2016年春アニメ,3.6,https://img.anikore.jp/images/anime/8/8/9/9889/9889.jpg?width=122&height=122&type=crop
289,Gift ～ギフト～ eternal rainbow（TVアニメ動画）,2006年秋アニメ,3.2,https://img.anikore.jp/51EE5MAYKTL.jpg._AA240_.jpg?width=122&height=122&type=crop&category=amazon
290,クロノクルセイド（TVアニメ動画）,2003年秋アニメ,3.6,https://img.anikore.jp/51TX377DRML.jpg._AA240_.jpg?width=122&height=122&type=crop&category=amazon
291,ベルセルク（TVアニメ動画）,2016年夏アニメ,3.5,https://img.anikore.jp/images/anime/4/1/8/10418/10418.jpg?width=122&height=122&type=crop
292,DAYS（TVアニメ動画）,2016年夏アニメ,3.4,https://img.anikore.jp/images/anime/3/5/2/10352/10352.jpg?width=122&height=122&type=crop
293,黒神 The Animation（TVアニメ動画）,2009年冬アニメ,3.3,https://img.anikore.jp/51sFY7L03YL.jpg._AA240_.jpg?width=122&height=122&type=crop&category=amazon
294,スマイルプリキュア！（TVアニメ動画）,2012年冬アニメ,3.9,https://img.anikore.jp/images/anime/5/6/9/3569/3569.jpg?width=122&height=122&type=crop
295,ガンダムビルドファイターズトライ（TVアニメ動画）,2014年秋アニメ,3.6,https://img.anikore.jp/images/anime/1/4/5/8145/8145.jpg?width=122&height=122&type=crop
296,ハッカドール THE・あにめ～しょん（TVアニメ動画）,2015年秋アニメ,3.6,https://img.anikore.jp/images/anime/6/0/4/9604/9604.jpg?width=122&height=122&type=crop
297,魔法騎士レイアース-マジックナイトレイアース（TVアニメ動画）,1994年秋アニメ,3.7,https://img.anikore.jp/61qcUlsNPeL.jpg._AA240_.jpg?width=122&height=122&type=crop&category=amazon
298,咎狗の血（TVアニメ動画）,2010年秋アニメ,3.2,https://img.anikore.jp/51vvxv1PLGL.jpg._AA240_.jpg?width=122&height=122&type=crop&category=amazon
299,愛してるぜベイベ★★（TVアニメ動画）,2004年春アニメ,3.5,https://img.anikore.jp/images/anime/6/1/9/619/619.jpg?width=122&height=122&type=crop
300,月詠-MOON PHASE-（TVアニメ動画）,2004年秋アニメ,3.5,https://img.anikore.jp/images/anime/6/7/6/676/676.jpg?width=122&height=122&type=crop
301,Z／X IGNITION（TVアニメ動画）,2014年冬アニメ,3.1,https://img.anikore.jp/images/anime/7/0/3/7703/7703.jpg?width=122&height=122&type=crop
302,スロウスタート（TVアニメ動画）,2018年冬アニメ,3.5,https://img.anikore.jp/images/anime/3/6/7/11367/11367.jpg?width=122&height=122&type=crop
303,だぁ！だぁ！だぁ！（TVアニメ動画）,2000年春アニメ,3.7,https://img.anikore.jp/images/anime/2/9/5/295/295.jpg?width=122&height=122&type=crop
304,神曲奏界ポリフォニカ クリムゾンS（TVアニメ動画）,2009年春アニメ,3.5,https://img.anikore.jp/51Wq50k%2BCZL.jpg._AA240_.jpg?width=122&height=122&type=crop&category=amazon
305,夏のあらし！春夏冬中（TVアニメ動画）,2009年秋アニメ,3.6,https://img.anikore.jp/51PcecocjuL.jpg._AA240_.jpg?width=122&height=122&type=crop&category=amazon
306,はじめの一歩 Rising（TVアニメ動画）,2013年秋アニメ,3.6,https://img.anikore.jp/images/anime/6/5/2/7652/7652.jpg?width=122&height=122&type=crop
307,ドラゴノーツ -ザ・レゾナンス-（TVアニメ動画）,2007年秋アニメ,3.2,https://img.anikore.jp/51i3Txf-HgL.jpg._AA240_.jpg?width=122&height=122&type=crop&category=amazon
308,はぴねす！（TVアニメ動画）,2006年秋アニメ,3.2,https://img.anikore.jp/51Or2O3gHkL.jpg._AA240_.jpg?width=122&height=122&type=crop&category=amazon
309,花田少年史（TVアニメ動画）,2002年秋アニメ,4.0,https://img.anikore.jp/images/anime/8/9/9/2899/2899.jpg?width=122&height=122&type=crop
310,魔法遣いに大切なこと（TVアニメ動画）,2003年冬アニメ,3.4,https://img.anikore.jp/images/anime/5/0/2/502/502.jpg?width=122&height=122&type=crop
311,ギャラクシーエンジェル（TVアニメ動画）,2001年春アニメ,3.7,https://img.anikore.jp/51B2VYQWWAL.jpg._AA240_.jpg?width=122&height=122&type=crop&category=amazon
312,少年ハリウッド（TVアニメ動画）,2014年夏アニメ,3.3,https://img.anikore.jp/images/anime/9/9/4/7994/7994.jpg?width=122&height=122&type=crop
313,ふしぎの海のナディア デジタルリマスター版（TVアニメ動画）,2012年春アニメ,3.6,https://img.anikore.jp/images/anime/6/0/9/3609/3609.jpg?width=122&height=122&type=crop
314,しおんの王（TVアニメ動画）,2007年秋アニメ,3.6,https://img.anikore.jp/31QWlA5zaCL.jpg._AA240_.jpg?width=122&height=122&type=crop&category=amazon
315,赤ちゃんと僕（TVアニメ動画）,1996年夏アニメ,3.7,https://img.anikore.jp/images/anime/2/4/3/243/243.jpg?width=122&height=122&type=crop
316,スタミュ 高校星歌劇（TVアニメ動画）,2015年秋アニメ,3.6,https://img.anikore.jp/images/anime/1/5/4/10154/10154.jpg?width=122&height=122&type=crop
317,潔癖男子！青山くん（TVアニメ動画）,2017年夏アニメ,3.2,https://img.anikore.jp/images/anime/2/4/6/11246/11246.jpg?width=122&height=122&type=crop
318,温泉幼精ハコネちゃん（TVアニメ動画）,2015年秋アニメ,3.1,https://img.anikore.jp/images/anime/9/2/0/9920/9920.jpg?width=122&height=122&type=crop
319,REC -レック（TVアニメ動画）,2006年冬アニメ,3.5,https://img.anikore.jp/516YAKS7K5L.jpg._AA240_.jpg?width=122&height=122&type=crop&category=amazon
320,宇宙パトロールルル子（TVアニメ動画）,2016年春アニメ,3.5,https://img.anikore.jp/images/anime/4/2/2/10422/10422.jpg?width=122&height=122&type=crop
321,スレイヤーズTRY[トライ]（TVアニメ動画）,1997年春アニメ,3.7,https://img.anikore.jp/61RKnIjPQbL.jpg._AA240_.jpg?width=122&height=122&type=crop&category=amazon
322,彼女と彼女の猫 -Everything Flows-（TVアニメ動画）,2016年冬アニメ,3.5,https://img.anikore.jp/images/anime/3/4/2/10342/10342.jpg?width=122&height=122&type=crop
323,円盤皇女ワるきゅーレ[ワルキューレ]（TVアニメ動画）,2002年夏アニメ,3.4,https://img.anikore.jp/519YBY9TNQL.jpg._AA240_.jpg?width=122&height=122&type=crop&category=amazon
324,AKB0048 Next Stage（TVアニメ動画）,2013年冬アニメ,3.5,https://img.anikore.jp/images/anime/9/2/6/3926/3926.jpg?width=122&height=122&type=crop
325,ヤマトナデシコ七変化（TVアニメ動画）,2006年秋アニメ,3.5,https://img.anikore.jp/51MlzPxCg6L.jpg._AA240_.jpg?width=122&height=122&type=crop&category=amazon
326,金田一少年の事件簿R(リターンズ)（TVアニメ動画）,2014年春アニメ,3.4,https://img.anikore.jp/images/anime/8/8/8/7888/7888.jpg?width=122&height=122&type=crop
327,王室教師ハイネ（TVアニメ動画）,2017年春アニメ,3.3,https://img.anikore.jp/images/anime/9/3/5/10935/10935.jpg?width=122&height=122&type=crop
328,ひとひら（TVアニメ動画）,2007年春アニメ,3.5,https://img.anikore.jp/images/anime/0/1/8/1018/1018.jpg?width=122&height=122&type=crop
329,ZOMBIE-LOAN -ゾンビローン（TVアニメ動画）,2007年夏アニメ,3.2,https://img.anikore.jp/51mTSIsp75L.jpg._AA240_.jpg?width=122&height=122&type=crop&category=amazon
330,チア男子！！（TVアニメ動画）,2016年夏アニメ,3.5,https://img.anikore.jp/images/anime/5/6/0/10560/10560.jpg?width=122&height=122&type=crop
331,快盗天使ツインエンジェル ～キュンキュン☆ときめきパラダイス！！～（TVアニメ動画）,2011年夏アニメ,3.3,https://img.anikore.jp/images/anime/2/2/0/3220/3220.jpg?width=122&height=122&type=crop
332,アイカツ！（TVアニメ動画）,2012年秋アニメ,3.9,https://img.anikore.jp/images/anime/8/6/1/3861/3861.jpg?width=122&height=122&type=crop
333,鬼平（TVアニメ動画）,2017年冬アニメ,3.7,https://img.anikore.jp/images/anime/8/5/1/10851/10851.jpg?width=122&height=122&type=crop
334,BRIGADOON[ブリガドーン] まりんとメラン（TVアニメ動画）,2000年夏アニメ,4.1,https://img.anikore.jp/51HCZVXBR2L.jpg._AA240_.jpg?width=122&height=122&type=crop&category=amazon
335,ALL OUT！！（TVアニメ動画）,2016年秋アニメ,3.4,https://img.anikore.jp/images/anime/1/3/4/10134/10134.jpg?width=122&height=122&type=crop
336,地獄少女 宵伽（TVアニメ動画）,2017年夏アニメ,3.4,https://img.anikore.jp/images/anime/1/1/7/11117/11117.jpg?width=122&height=122&type=crop
337,KURAU Phantom Memory-クラウ・ファントムメモリー（TVアニメ動画）,2004年夏アニメ,3.6,https://img.anikore.jp/512S2FJPDVL.jpg._AA240_.jpg?width=122&height=122&type=crop&category=amazon
338,信長の忍び（TVアニメ動画）,2016年秋アニメ,3.7,https://img.anikore.jp/images/anime/4/6/6/10466/10466.jpg?width=122&height=122&type=crop
339,イナズマイレブンGO（TVアニメ動画）,2011年春アニメ,3.7,https://img.anikore.jp/images/anime/2/0/4/3204/3204.jpg?width=122&height=122&type=crop
340,カレイドスター 新たなる翼（TVアニメ動画）,2003年秋アニメ,4.1,https://img.anikore.jp/images/anime/1/5/3/9153/9153.jpg?width=122&height=122&type=crop
341,H2 [エイチツー]（TVアニメ動画）,1995年春アニメ,3.5,https://img.anikore.jp/images/anime/2/2/2/222/222.jpg?width=122&height=122&type=crop
342,capeta カペタ（TVアニメ動画）,2005年秋アニメ,3.6,https://img.anikore.jp/51BR2P2MB4L.jpg._AA240_.jpg?width=122&height=122&type=crop&category=amazon
343,キディ・グレイド[KIDDY GRADE]（TVアニメ動画）,2002年秋アニメ,3.5,https://img.anikore.jp/51kuVETsWPL.jpg._AA240_.jpg?width=122&height=122&type=crop&category=amazon
344,DearS-ディアーズ（TVアニメ動画）,2004年夏アニメ,3.3,https://img.anikore.jp/512NRYEYYAL.jpg._AA240_.jpg?width=122&height=122&type=crop&category=amazon
345,よみがえる空 RESCUE WINGS（TVアニメ動画）,2006年冬アニメ,3.7,https://img.anikore.jp/21CNOhtchzL.jpg._AA240_.jpg?width=122&height=122&type=crop&category=amazon
346,ギャラリーフェイク（TVアニメ動画）,2005年冬アニメ,3.7,https://img.anikore.jp/519pX5mLjYL.jpg._AA240_.jpg?width=122&height=122&type=crop&category=amazon
347,アクションヒロイン チアフルーツ（TVアニメ動画）,2017年夏アニメ,3.5,https://img.anikore.jp/images/anime/0/5/3/11053/11053.jpg?width=122&height=122&type=crop
348,フランダースの犬（TVアニメ動画）,1975年冬アニメ,3.6,https://img.anikore.jp/51E3M1FNG4L.jpg._AA240_.jpg?width=122&height=122&type=crop&category=amazon
349,みどりのマキバオー（TVアニメ動画）,1996年冬アニメ,3.5,https://img.anikore.jp/images/anime/2/3/5/235/235.jpg?width=122&height=122&type=crop
350,赤毛のアン（TVアニメ動画）,1979年冬アニメ,4.0,https://img.anikore.jp/images/anime/8/9/0/2890/2890.jpg?width=122&height=122&type=crop
351,美少女戦士セーラームーン セーラースターズ（TVアニメ動画）,1996年冬アニメ,3.7,https://img.anikore.jp/31MAF7NTKYL.jpg._AA240_.jpg?width=122&height=122&type=crop&category=amazon
352,レジェンズ 甦る竜王伝説（TVアニメ動画）,2004年春アニメ,3.9,https://img.anikore.jp/51PAFB36Y7L.jpg._AA240_.jpg?width=122&height=122&type=crop&category=amazon
353,封神演義-仙界伝（TVアニメ動画）,1999年夏アニメ,3.4,https://img.anikore.jp/511JH463D7L.jpg._AA240_.jpg?width=122&height=122&type=crop&category=amazon
354,吉永さん家のガーゴイル（TVアニメ動画）,2006年春アニメ,3.6,https://img.anikore.jp/41D9R9WB2SL.jpg._AA240_.jpg?width=122&height=122&type=crop&category=amazon
355,FAIRY TAIL ZERO（TVアニメ動画）,2016年冬アニメ,3.6,https://img.anikore.jp/images/anime/3/2/4/10324/10324.jpg?width=122&height=122&type=crop
356,プリパラ（TVアニメ動画）,2014年夏アニメ,4.1,https://img.anikore.jp/images/anime/9/8/6/7986/7986.jpg?width=122&height=122&type=crop
357,活撃 刀剣乱舞（TVアニメ動画）,2017年夏アニメ,3.4,https://img.anikore.jp/images/anime/5/6/8/10568/10568.jpg?width=122&height=122&type=crop
358,ギャラクシーエンジェルZ 第2期（TVアニメ動画）,2002年冬アニメ,3.8,https://img.anikore.jp/510FF3GJSVL.jpg._AA240_.jpg?width=122&height=122&type=crop&category=amazon
359,光と水のダフネ（TVアニメ動画）,2004年冬アニメ,3.7,https://img.anikore.jp/51YYKKP8ZTL.jpg._AA240_.jpg?width=122&height=122&type=crop&category=amazon
360,18if（TVアニメ動画）,2017年夏アニメ,2.9,https://img.anikore.jp/images/anime/1/7/2/11172/11172.jpg?width=122&height=122&type=crop
361,人造昆虫カブトボーグ VxV（TVアニメ動画）,2006年秋アニメ,3.9,https://img.anikore.jp/51n4a6bjR4L.jpg._AA240_.jpg?width=122&height=122&type=crop&category=amazon
362,北斗の拳2[世紀末救世主伝説]（TVアニメ動画）,1987年冬アニメ,3.6,https://img.anikore.jp/51DUnfUbP7L.jpg._AA240_.jpg?width=122&height=122&type=crop&category=amazon
363,ツキウタ。 THE ANIMATION（TVアニメ動画）,2016年夏アニメ,3.2,https://img.anikore.jp/images/anime/5/7/0/10570/10570.jpg?width=122&height=122&type=crop
364,ボンバーマンジェッターズ（TVアニメ動画）,2002年秋アニメ,3.9,https://img.anikore.jp/images/anime/4/7/8/478/478.jpg?width=122&height=122&type=crop
365,エンジェル・ハート-Angel Heart（TVアニメ動画）,2005年秋アニメ,3.6,https://img.anikore.jp/51VYRRE6h0L.jpg._AA240_.jpg?width=122&height=122&type=crop&category=amazon
366,ギャラクシーエンジェルA AA S 第3期（TVアニメ動画）,2002年冬アニメ,3.8,https://img.anikore.jp/images/anime/4/2/7/427/427.jpg?width=122&height=122&type=crop
367,エレメントハンター（TVアニメ動画）,2009年夏アニメ,3.5,https://img.anikore.jp/51xfCBmT1GL.jpg._AA240_.jpg?width=122&height=122&type=crop&category=amazon
368,レ・ミゼラブル 少女コゼット（TVアニメ動画）,2007年冬アニメ,3.9,https://img.anikore.jp/51jMuq0og2L.jpg._AA240_.jpg?width=122&height=122&type=crop&category=amazon
369,あぃまぃみぃ！ストロベリー・エッグ（TVアニメ動画）,2001年夏アニメ,3.4,https://img.anikore.jp/images/anime/3/8/0/380/380.jpg?width=122&height=122&type=crop
370,いつだって僕らの恋は10センチだった。（TVアニメ動画）,2017年秋アニメ,3.4,https://img.anikore.jp/images/anime/3/9/9/11399/11399.jpg?width=122&height=122&type=crop
371,聖闘士星矢Ω[オメガ]（TVアニメ動画）,2012年春アニメ,2.9,https://img.anikore.jp/images/anime/6/8/0/3680/3680.jpg?width=122&height=122&type=crop
372,機神咆吼デモンベイン（TVアニメ動画）,2006年春アニメ,3.3,https://img.anikore.jp/51nZs4eztqL.jpg._AA240_.jpg?width=122&height=122&type=crop&category=amazon
373,信長の忍び ～伊勢・金ヶ崎篇～（TVアニメ動画）,2017年春アニメ,3.7,https://img.anikore.jp/images/anime/1/0/8/11108/11108.jpg?width=122&height=122&type=crop
374,ワンピース エピソード オブ ルフィ ハンドアイランドの冒険（TVアニメ動画）,2012年秋アニメ,3.6,https://img.anikore.jp/51SkGdgCXRL.jpg._AA240_.jpg?width=122&height=122&type=crop&category=amazon
375,ギャラクシーエンジェルX 第4期（TVアニメ動画）,2004年夏アニメ,3.7,https://img.anikore.jp/images/anime/6/6/7/667/667.jpg?width=122&height=122&type=crop
376,ドラゴンボールＧＴ 悟空外伝！ 勇気の証しは四星球（TVアニメ動画）,1997年春アニメ,3.4,https://img.anikore.jp/images/anime/1/2/4/3124/3124.jpg?width=122&height=122&type=crop
377,HAND MAID メイ-ハンドメイド・メイ（TVアニメ動画）,2000年夏アニメ,3.4,https://img.anikore.jp/31Xn%2BwuXq-L.jpg._AA240_.jpg?width=122&height=122&type=crop&category=amazon
378,小公女プリンセスセーラ（TVアニメ動画）,1985年冬アニメ,3.7,https://img.anikore.jp/images/anime/0/6/6/3066/3066.jpg?width=122&height=122&type=crop
379,バーテンダー（TVアニメ動画）,2006年秋アニメ,3.6,https://img.anikore.jp/51ldJTuxQuL.jpg._AA240_.jpg?width=122&height=122&type=crop&category=amazon
380,ジュエルペット てぃんくる☆（TVアニメ動画）,2010年春アニメ,4.1,https://img.anikore.jp/61fxEIPSPWL.jpg._AA240_.jpg?width=122&height=122&type=crop&category=amazon
381,あらいぐまラスカル（TVアニメ動画）,1977年冬アニメ,3.5,https://img.anikore.jp/51Gye54Gi8L.jpg._AA240_.jpg?width=122&height=122&type=crop&category=amazon
382,マジきゅんっ！ルネッサンス（TVアニメ動画）,2016年秋アニメ,3.5,https://img.anikore.jp/images/anime/7/1/0/10710/10710.jpg?width=122&height=122&type=crop
383,マーメイドメロディー ぴちぴちピッチピュア（TVアニメ動画）,2004年春アニメ,3.5,https://img.anikore.jp/61unD9kjLuL.jpg._AA240_.jpg?width=122&height=122&type=crop&category=amazon
384,銀河漂流バイファム（TVアニメ動画）,1983年秋アニメ,3.8,https://img.anikore.jp/images/anime/5/7/4/2574/2574.jpg?width=122&height=122&type=crop
385,プリティーリズム オーロラドリーム（TVアニメ動画）,2011年春アニメ,3.9,https://img.anikore.jp/images/anime/8/8/0/2880/2880.jpg?width=122&height=122&type=crop
386,とんかつDJアゲ太郎（TVアニメ動画）,2016年春アニメ,3.3,https://img.anikore.jp/images/anime/0/7/6/10076/10076.jpg?width=122&height=122&type=crop
387,まんが日本昔ばなし（TVアニメ動画）,1975年冬アニメ,3.6,https://img.anikore.jp/41PK8BV1E8L.jpg._AA240_.jpg?width=122&height=122&type=crop&category=amazon
388,魔法の天使 クリィミーマミ（TVアニメ動画）,1983年夏アニメ,3.7,https://img.anikore.jp/51cIHc8dJmL.jpg._AA240_.jpg?width=122&height=122&type=crop&category=amazon
389,北斗の拳 イチゴ味（TVアニメ動画）,2015年秋アニメ,3.2,https://img.anikore.jp/images/anime/8/7/0/9870/9870.jpg?width=122&height=122&type=crop
390,あらしのよるに ひみつのともだち（TVアニメ動画）,2012年春アニメ,3.3,https://img.anikore.jp/images/anime/6/2/5/3625/3625.jpg?width=122&height=122&type=crop
391,ポケットモンスター XY（TVアニメ動画）,2013年秋アニメ,3.7,https://img.anikore.jp/images/anime/6/5/8/7658/7658.jpg?width=122&height=122&type=crop
392,旅街レイトショー（TVアニメ動画）,2016年冬アニメ,2.9,https://img.anikore.jp/images/anime/3/0/2/10302/10302.jpg?width=122&height=122&type=crop
393,プリティーリズム・レインボーライブ（TVアニメ動画）,2013年春アニメ,4.1,https://img.anikore.jp/images/anime/0/0/9/4009/4009.jpg?width=122&height=122&type=crop
394,ドラえもん 第1作（TVアニメ動画）,1973年春アニメ,3.4,https://img.anikore.jp/51SW9Q975AL.jpg._AA240_.jpg?width=122&height=122&type=crop&category=amazon
395,機神大戦ギガンティックフォーミュラ（TVアニメ動画）,2007年春アニメ,3.3,https://img.anikore.jp/516B7iK4kKL.jpg._AA240_.jpg?width=122&height=122&type=crop&category=amazon
396,目玉焼きの黄身 いつつぶす？（TVアニメ動画）,2014年夏アニメ,3.4,https://img.anikore.jp/images/anime/9/9/5/7995/7995.jpg?width=122&height=122&type=crop
397,爆転シュート ベイブレード（TVアニメ動画）,2001年冬アニメ,3.4,https://img.anikore.jp/images/anime/3/3/7/337/337.jpg?width=122&height=122&type=crop
398,DNA2 何処かで失くしたあいつのアイツ-ディエヌエーツー（TVアニメ動画）,1994年秋アニメ,3.5,https://img.anikore.jp/images/anime/2/1/1/211/211.jpg?width=122&height=122&type=crop
399,GAD GUARD ガドガード（TVアニメ動画）,2003年春アニメ,3.4,https://img.anikore.jp/51M3H1GBDYL.jpg._AA240_.jpg?width=122&height=122&type=crop&category=amazon
400,HAPPY★LESSON THE TV　（TVアニメ動画）,2002年春アニメ,3.2,https://img.anikore.jp/51PB3KH35PL.jpg._AA240_.jpg?width=122&height=122&type=crop&category=amazon
401,爆れつハンター（TVアニメ動画）,1995年秋アニメ,3.5,https://img.anikore.jp/51T1XH17M9L.jpg._AA240_.jpg?width=122&height=122&type=crop&category=amazon
402,クラスターエッジ（TVアニメ動画）,2005年秋アニメ,3.3,https://img.anikore.jp/51TR2BAV47L.jpg._AA240_.jpg?width=122&height=122&type=crop&category=amazon
403,グラビテーション - GRAVITATION（TVアニメ動画）,2000年秋アニメ,3.4,https://img.anikore.jp/51ypUhPWapL.jpg._AA240_.jpg?width=122&height=122&type=crop&category=amazon
404,おぼっちゃまくん（TVアニメ動画）,1989年冬アニメ,3.1,https://img.anikore.jp/images/anime/2/1/5/3215/3215.jpg?width=122&height=122&type=crop
405,Go！プリンセスプリキュア（TVアニメ動画）,2015年冬アニメ,3.7,https://img.anikore.jp/images/anime/8/8/1/8881/8881.jpg?width=122&height=122&type=crop
406,魔法のプリンセス ミンキーモモ（TVアニメ動画）,1982年冬アニメ,3.8,https://img.anikore.jp/5138W2NGPDL.jpg._AA240_.jpg?width=122&height=122&type=crop&category=amazon
407,スタミュ 2期（TVアニメ動画）,2017年春アニメ,3.6,https://img.anikore.jp/images/anime/0/7/2/11072/11072.jpg?width=122&height=122&type=crop
408,ペリーヌ物語（TVアニメ動画）,1978年冬アニメ,3.6,https://img.anikore.jp/51EkpOHGBpL.jpg._AA240_.jpg?width=122&height=122&type=crop&category=amazon
409,VS騎士ラムネ＆40炎-ヴァーサスナイト・ラムネアンドフォーティー（TVアニメ動画）,1996年春アニメ,3.5,https://img.anikore.jp/518QqnYeibL.jpg._AA240_.jpg?width=122&height=122&type=crop&category=amazon
410,縁結びの妖狐ちゃん（TVアニメ動画）,2017年夏アニメ,2.6,https://img.anikore.jp/images/anime/2/2/3/11223/11223.jpg?width=122&height=122&type=crop
411,プリティーリズム・ディアマイフューチャー （TVアニメ動画）,2012年春アニメ,3.4,https://img.anikore.jp/images/anime/6/8/9/3689/3689.jpg?width=122&height=122&type=crop
412,ドカベン（TVアニメ動画）,1976年秋アニメ,3.5,https://img.anikore.jp/51KWV4XNK1L.jpg._AA240_.jpg?width=122&height=122&type=crop&category=amazon
413,LEGEND OF BASARA-レジェンドオブバサラ（TVアニメ動画）,1998年春アニメ,3.5,https://img.anikore.jp/51H%2BzoQ0PiL.jpg._AA240_.jpg?width=122&height=122&type=crop&category=amazon
414,宇宙海賊キャプテンハーロック（TVアニメ動画）,1978年冬アニメ,3.6,https://img.anikore.jp/images/anime/0/7/8/78/78.jpg?width=122&height=122&type=crop
415,UG☆アルティメットガール（TVアニメ動画）,2005年冬アニメ,3.1,https://img.anikore.jp/images/anime/7/2/4/724/724.jpg?width=122&height=122&type=crop
416,ナースエンジェルりりかSOS（TVアニメ動画）,1995年夏アニメ,3.5,https://img.anikore.jp/51nr8ffhS6L.jpg._AA240_.jpg?width=122&height=122&type=crop&category=amazon
417,ぷちぷり＊ユーシィ（TVアニメ動画）,2002年秋アニメ,3.8,https://img.anikore.jp/215ET69NR3L.jpg._AA240_.jpg?width=122&height=122&type=crop&category=amazon
418,陸上防衛隊まおちゃん（TVアニメ動画）,2002年夏アニメ,3.1,https://img.anikore.jp/images/anime/4/6/3/463/463.jpg?width=122&height=122&type=crop
419,宇宙戦艦ヤマト2（TVアニメ動画）,1978年秋アニメ,3.5,https://img.anikore.jp/images/anime/0/8/3/83/83.jpg?width=122&height=122&type=crop
420,ニルスのふしぎな旅（TVアニメ動画）,1980年冬アニメ,3.4,https://img.anikore.jp/images/anime/0/9/1/91/91.jpg?width=122&height=122&type=crop
421,ぼのぼの（新シリーズ）（TVアニメ動画）,2016年春アニメ,3.3,https://img.anikore.jp/images/anime/3/2/0/10320/10320.jpg?width=122&height=122&type=crop
422,キャンディ キャンディ（TVアニメ動画）,1976年秋アニメ,3.5,https://img.anikore.jp/images/anime/0/6/9/69/69.jpg?width=122&height=122&type=crop
423,未来警察ウラシマン（TVアニメ動画）,1983年冬アニメ,3.7,https://img.anikore.jp/images/anime/0/7/5/3075/3075.jpg?width=122&height=122&type=crop
424,高橋留美子劇場（TVアニメ動画）,2003年夏アニメ,3.6,https://img.anikore.jp/images/anime/5/5/3/553/553.jpg?width=122&height=122&type=crop
425,ハクション大魔王（TVアニメ動画）,1969年秋アニメ,3.5,https://img.anikore.jp/51V9M868CYL.jpg._AA240_.jpg?width=122&height=122&type=crop&category=amazon
426,RWBY（Webアニメ）,2013年11月12日,3.9,https://img.anikore.jp/images/anime/5/1/8/8518/8518.jpg?width=122&height=122&type=crop
427,牙狼＜GARO＞-VANISHING LINE-（TVアニメ動画）,2017年秋アニメ,3.5,https://img.anikore.jp/images/anime/3/3/8/11338/11338.jpg?width=122&height=122&type=crop
428,魔法少女？なりあ☆がーるず（TVアニメ動画）,2016年夏アニメ,2.7,https://img.anikore.jp/images/anime/7/3/4/10734/10734.jpg?width=122&height=122&type=crop
429,昆虫物語 みなしごハッチ（TVアニメ動画）,1970年春アニメ,3.4,https://img.anikore.jp/images/anime/0/3/0/30/30.jpg?width=122&height=122&type=crop
430,ドンキーコング（TVアニメ動画）,1999年秋アニメ,3.0,https://img.anikore.jp/51DVPGMYRTL.jpg._AA240_.jpg?width=122&height=122&type=crop&category=amazon
431,超GALS！寿蘭（TVアニメ動画）,2001年春アニメ,3.4,https://img.anikore.jp/215JEBQK78L.jpg._AA240_.jpg?width=122&height=122&type=crop&category=amazon
432,ビックリマン（TVアニメ動画）,1987年秋アニメ,3.4,https://img.anikore.jp/51kSV3oMl4L.jpg._AA240_.jpg?width=122&height=122&type=crop&category=amazon
433,弱酸性ミリオンアーサー（Webアニメ）,2015年11月19日,3.7,https://img.anikore.jp/images/anime/8/5/4/9854/9854.jpg?width=122&height=122&type=crop
434,バトルスピリッツ 少年激覇ダン（TVアニメ動画）,2009年夏アニメ,3.7,https://img.anikore.jp/61QMhiAeuWL.jpg._AA240_.jpg?width=122&height=122&type=crop&category=amazon
435,週刊ストーリーランド（TVアニメ動画）,1999年秋アニメ,3.6,https://img.anikore.jp/61EyYSE%2BzxL.jpg._AA240_.jpg?width=122&height=122&type=crop&category=amazon
436,ほんとにあった！霊媒先生（TVアニメ動画）,2011年春アニメ,3.1,https://img.anikore.jp/images/anime/9/3/7/2937/2937.jpg?width=122&height=122&type=crop
437,プリパラ 3rdシーズン（TVアニメ動画）,2016年春アニメ,3.8,https://img.anikore.jp/images/anime/3/0/5/10305/10305.jpg?width=122&height=122&type=crop
438,名犬ラッシー（TVアニメ動画）,1996年冬アニメ,3.6,https://img.anikore.jp/51QTqMOIdBL.jpg._AA240_.jpg?width=122&height=122&type=crop&category=amazon
439,ウィッシュエンジェル-翼は小さいけれど-（TVアニメ動画）,,3.0,https://img.anikore.jp/images/anime/4/4/5/3445/3445.jpg?width=122&height=122&type=crop
440,美少女戦士セーラームーンCrystal デス・バスターズ編（TVアニメ動画）,2016年春アニメ,3.5,https://img.anikore.jp/images/anime/3/3/3/10333/10333.jpg?width=122&height=122&type=crop
441,ドリフェス！！！！！！（TVアニメ動画）,2016年秋アニメ,2.8,https://img.anikore.jp/images/anime/5/7/1/10571/10571.jpg?width=122&height=122&type=crop
442,EVIL OR LIVE（TVアニメ動画）,2017年秋アニメ,2.6,https://img.anikore.jp/images/anime/3/6/8/11368/11368.jpg?width=122&height=122&type=crop
443,釣りキチ三平（TVアニメ動画）,1980年春アニメ,3.5,https://img.anikore.jp/41lg7CKER%2BL.jpg._AA240_.jpg?width=122&height=122&type=crop&category=amazon
444,ザ・ペンギンズ from マダガスカル（TVアニメ動画）,2010年春アニメ,3.8,https://img.anikore.jp/images/anime/4/6/1/1461/1461.jpg?width=122&height=122&type=crop
445,MAZE☆爆熱時空-メイズ（TVアニメ動画）,1997年春アニメ,3.5,https://img.anikore.jp/41BYTZR7GBL.jpg._AA240_.jpg?width=122&height=122&type=crop&category=amazon
446,へんたい！（Webアニメ）,2014年7月1日,2.7,https://img.anikore.jp/images/anime/0/9/1/8091/8091.jpg?width=122&height=122&type=crop
447,女神候補生（TVアニメ動画）,2000年冬アニメ,3.3,https://img.anikore.jp/51ZD1DW5Q2L.jpg._AA240_.jpg?width=122&height=122&type=crop&category=amazon
448,雪の女王（TVアニメ動画）,2005年春アニメ,3.8,https://img.anikore.jp/images/anime/7/6/4/764/764.jpg?width=122&height=122&type=crop
449,プリティーリズム・オールスターセレクション（TVアニメ動画）,2014年春アニメ,3.6,https://img.anikore.jp/images/anime/8/7/6/7876/7876.jpg?width=122&height=122&type=crop
450,昆虫物語 みなしごハッチ（平成版）（TVアニメ動画）,1989年夏アニメ,3.0,https://img.anikore.jp/images/anime/3/2/7/3327/3327.jpg?width=122&height=122&type=crop
451,カップヌードルＣＭサザエさん（その他）,2017年11月22日,3.4,https://img.anikore.jp/images/anime/4/1/9/11419/11419.jpg?width=122&height=122&type=crop
452,家なき子（TVアニメ動画）,1977年秋アニメ,3.6,https://img.anikore.jp/images/anime/0/7/7/77/77.jpg?width=122&height=122&type=crop
453,チーズスイートホーム あたらしいおうち（TVアニメ動画）,2009年春アニメ,3.4,https://img.anikore.jp/images/anime/3/0/1/1301/1301.jpg?width=122&height=122&type=crop
454,D4プリンセス（TVアニメ動画）,1999年春アニメ,3.1,https://img.anikore.jp/51VW117Z9ML.jpg._AA240_.jpg?width=122&height=122&type=crop&category=amazon
455,りぜるまいん （第２シリーズ）（TVアニメ動画）,2002年秋アニメ,3.3,https://img.anikore.jp/images/anime/nophoto.jpg
456,戦え！超ロボット生命体トランスフォーマー（TVアニメ動画）,1985年夏アニメ,3.6,https://img.anikore.jp/images/anime/8/9/4/3894/3894.jpg?width=122&height=122&type=crop
457,テンカイナイト（TVアニメ動画）,2014年春アニメ,3.3,https://img.anikore.jp/images/anime/8/8/6/7886/7886.jpg?width=122&height=122&type=crop
458,元気爆発ガンバルガー（TVアニメ動画）,1992年春アニメ,3.4,https://img.anikore.jp/images/anime/4/8/1/3481/3481.jpg?width=122&height=122&type=crop
459,HAUNTEDじゃんくしょん[ホーンテッドジャンクション]（TVアニメ動画）,1997年春アニメ,3.2,https://img.anikore.jp/images/anime/3/8/2/2382/2382.jpg?width=122&height=122&type=crop
460,戦国魔神ゴーショーグン（TVアニメ動画）,1981年夏アニメ,2.9,https://img.anikore.jp/images/anime/3/7/3/3373/3373.jpg?width=122&height=122&type=crop
461,彼岸島X（Webアニメ）,2016年10月15日,3.4,https://img.anikore.jp/images/anime/9/1/2/10912/10912.jpg?width=122&height=122&type=crop
462,アルプス物語 わたしのアンネット（TVアニメ動画）,1983年冬アニメ,3.5,https://img.anikore.jp/51W98RE8PGL.jpg._AA240_.jpg?width=122&height=122&type=crop&category=amazon
463,電光超人グリッドマン　boys invent great hero（Webアニメ）,2015年1月16日,3.4,https://img.anikore.jp/images/anime/9/9/4/8994/8994.jpg?width=122&height=122&type=crop
464,風の中の少女 金髪のジェニー（TVアニメ動画）,1992年秋アニメ,3.7,https://img.anikore.jp/images/anime/5/5/4/3554/3554.jpg?width=122&height=122&type=crop
465,うっかりペネロペ（TVアニメ動画）,2006年秋アニメ,3.3,https://img.anikore.jp/51mMVeJkOQL.jpg._AA240_.jpg?width=122&height=122&type=crop&category=amazon
466,機動戦士ガンダム THE ORIGIN ルウム編（未定）,,4.0,https://img.anikore.jp/images/anime/7/1/5/10715/10715.jpg?width=122&height=122&type=crop
467,blossom（Webアニメ）,2013年3月9日,3.5,https://img.anikore.jp/images/anime/7/2/3/8723/8723.jpg?width=122&height=122&type=crop
468,マルコメ 料亭の味 即席生みそ汁 単身赴任篇（その他）,2014年10月4日,3.5,https://img.anikore.jp/images/anime/7/3/4/8734/8734.jpg?width=122&height=122&type=crop
469,たまぽんず（Webアニメ）,2017年1月27日,3.3,https://img.anikore.jp/images/anime/0/6/0/11060/11060.jpg?width=122&height=122&type=crop
470,ＳＦ西遊記　スタージンガー（TVアニメ動画）,1978年春アニメ,3.2,https://img.anikore.jp/images/anime/0/2/1/3021/3021.jpg?width=122&height=122&type=crop
471,バトルスピリッツ烈火魂＜バーニングソウル＞（TVアニメ動画）,2015年春アニメ,3.3,https://img.anikore.jp/images/anime/9/8/6/8986/8986.jpg?width=122&height=122&type=crop
472,怪奇ゾーン グラビティフォールズ（TVアニメ動画）,2012年秋アニメ,4.1,https://img.anikore.jp/images/anime/4/3/6/9436/9436.jpg?width=122&height=122&type=crop
473,カードファイト！！ ヴァンガードG NEXT（TVアニメ動画）,2016年秋アニメ,3.4,https://img.anikore.jp/images/anime/8/2/1/10821/10821.jpg?width=122&height=122&type=crop
474,COCOLORS（その他）,2016年10月9日,4.4,https://img.anikore.jp/images/anime/2/8/7/11287/11287.jpg?width=122&height=122&type=crop
475,ナノ・インベーダーズ（TVアニメ動画）,2014年秋アニメ,3.9,https://img.anikore.jp/images/anime/3/4/9/8349/8349.jpg?width=122&height=122&type=crop
476,タマ＆フレンズ　～うちのタマ知りませんか？～（TVアニメ動画）,2016年秋アニメ,2.7,https://img.anikore.jp/images/anime/4/5/4/10454/10454.jpg?width=122&height=122&type=crop
477,夕やけ番長（TVアニメ動画）,1968年秋アニメ,4.1,https://img.anikore.jp/images/anime/nophoto.jpg
478,LIFTED（その他）,2007年7月28日,3.6,https://img.anikore.jp/images/anime/6/7/6/8676/8676.jpg?width=122&height=122&type=crop
479,ＴＡＭＡ＆ＦＲＩＥＮＤＳ　探せ！魔法のプニプニストーン（TVアニメ動画）,2006年春アニメ,3.8,https://img.anikore.jp/images/anime/nophoto.jpg
480,TARI TARI（TVアニメ動画）,2012年夏アニメ,4.1,https://img.anikore.jp/images/anime/6/7/2/3672/3672.jpg?width=122&height=122&type=crop
481,C - The Money of Soul and Possibility Control（TVアニメ動画）,2011年春アニメ,3.7,https://img.anikore.jp/images/anime/8/2/3/2823/2823.jpg?width=122&height=122&type=crop
482,織田信奈の野望（TVアニメ動画）,2012年夏アニメ,3.9,https://img.anikore.jp/images/anime/7/4/5/3745/3745.jpg?width=122&height=122&type=crop
483,ばらかもん（TVアニメ動画）,2014年夏アニメ,4.1,https://img.anikore.jp/images/anime/9/9/7/7997/7997.jpg?width=122&height=122&type=crop
484,ラブライブ！school idol project（TVアニメ動画）,2013年冬アニメ,3.9,https://img.anikore.jp/images/anime/9/2/3/3923/3923.jpg?width=122&height=122&type=crop
485,この中に1人、妹がいる！　（TVアニメ動画）,2012年夏アニメ,3.4,https://img.anikore.jp/images/anime/7/2/8/3728/3728.jpg?width=122&height=122&type=crop
486,アルドノア・ゼロ(第2期)（TVアニメ動画）,2015年冬アニメ,3.9,https://img.anikore.jp/images/anime/3/0/5/8305/8305.jpg?width=122&height=122&type=crop
487,寄生獣 セイの格率（TVアニメ動画）,2014年秋アニメ,3.8,https://img.anikore.jp/images/anime/9/8/3/7983/7983.jpg?width=122&height=122&type=crop
488,無彩限のファントム・ワールド（TVアニメ動画）,2016年冬アニメ,3.6,https://img.anikore.jp/images/anime/0/9/3/10093/10093.jpg?width=122&height=122&type=crop
489,RDG　レッドデータガール（TVアニメ動画）,2013年春アニメ,3.5,https://img.anikore.jp/images/anime/9/2/0/3920/3920.jpg?width=122&height=122&type=crop
490,冴えない彼女の育てかた♭（TVアニメ動画）,2017年春アニメ,3.8,https://img.anikore.jp/images/anime/6/0/8/9608/9608.jpg?width=122&height=122&type=crop
491,夜桜四重奏 ハナノウタ（TVアニメ動画）,2013年秋アニメ,3.7,https://img.anikore.jp/images/anime/6/5/5/7655/7655.jpg?width=122&height=122&type=crop
492,シドニアの騎士 第九惑星戦役（TVアニメ動画）,2015年春アニメ,4.0,https://img.anikore.jp/images/anime/0/6/4/8064/8064.jpg?width=122&height=122&type=crop
493,失われた未来を求めて（TVアニメ動画）,2014年秋アニメ,3.4,https://img.anikore.jp/images/anime/1/4/6/8146/8146.jpg?width=122&height=122&type=crop
494,COPPELION コッペリオン（TVアニメ動画）,2013年秋アニメ,3.3,https://img.anikore.jp/images/anime/8/5/8/2858/2858.jpg?width=122&height=122&type=crop
495,神撃のバハムート GENESIS（TVアニメ動画）,2014年秋アニメ,3.9,https://img.anikore.jp/images/anime/1/4/7/8147/8147.jpg?width=122&height=122&type=crop
496,金色のガッシュベル！！（TVアニメ動画）,2003年春アニメ,3.8,https://img.anikore.jp/31ZHRP5K3ML.jpg._AA240_.jpg?width=122&height=122&type=crop&category=amazon
497,アイドルマスター シンデレラガールズ 2ndシーズン（TVアニメ動画）,2015年夏アニメ,3.8,https://img.anikore.jp/images/anime/3/3/0/9330/9330.jpg?width=122&height=122&type=crop
498,NEW GAME！！（TVアニメ動画）,2017年夏アニメ,3.9,https://img.anikore.jp/images/anime/0/8/3/11083/11083.jpg?width=122&height=122&type=crop
499,orange（TVアニメ動画）,2016年夏アニメ,3.3,https://img.anikore.jp/images/anime/4/4/5/10445/10445.jpg?width=122&height=122&type=crop
500,裏切りは僕の名前を知っている（TVアニメ動画）,2010年春アニメ,3.6,https://img.anikore.jp/51c2Ev%2BqgxL.jpg._AA240_.jpg?width=122&height=122&type=crop&category=amazon
501,Just Because！（TVアニメ動画）,2017年秋アニメ,3.7,https://img.anikore.jp/images/anime/2/8/9/11289/11289.jpg?width=122&height=122&type=crop
502,結城友奈は勇者である -鷲尾須美の章-／-勇者の章-（TVアニメ動画）,2017年秋アニメ,3.7,https://img.anikore.jp/images/anime/9/2/5/10925/10925.jpg?width=122&height=122&type=crop
503,SERVAMP -サーヴァンプ-（TVアニメ動画）,2016年夏アニメ,3.2,https://img.anikore.jp/images/anime/9/9/7/9997/9997.jpg?width=122&height=122&type=crop
504,D.Gray-man HALLOW（TVアニメ動画）,2016年夏アニメ,3.3,https://img.anikore.jp/images/anime/3/0/6/10306/10306.jpg?width=122&height=122&type=crop
505,カードキャプターさくら クリアカード編 (2018)（TVアニメ動画）,2018年冬アニメ,3.5,https://img.anikore.jp/images/anime/7/4/0/10740/10740.jpg?width=122&height=122&type=crop
506,魔法陣グルグル (2017)（TVアニメ動画）,2017年夏アニメ,3.8,https://img.anikore.jp/images/anime/0/7/7/11077/11077.jpg?width=122&height=122&type=crop
507,バトルスピリッツ ダブルドライブ（TVアニメ動画）,2016年春アニメ,4.4,https://img.anikore.jp/images/anime/4/3/6/10436/10436.jpg?width=122&height=122&type=crop
